-- phpMyAdmin SQL Dump
-- version 5.0.2
-- https://www.phpmyadmin.net/
--
-- Servidor: 127.0.0.1
-- Tiempo de generación: 06-06-2020 a las 19:57:49
-- Versión del servidor: 10.4.11-MariaDB
-- Versión de PHP: 7.4.6

SET SQL_MODE = "NO_AUTO_VALUE_ON_ZERO";
START TRANSACTION;
SET time_zone = "+00:00";


/*!40101 SET @OLD_CHARACTER_SET_CLIENT=@@CHARACTER_SET_CLIENT */;
/*!40101 SET @OLD_CHARACTER_SET_RESULTS=@@CHARACTER_SET_RESULTS */;
/*!40101 SET @OLD_COLLATION_CONNECTION=@@COLLATION_CONNECTION */;
/*!40101 SET NAMES utf8mb4 */;

--
-- Base de datos: `shoe`
--

-- --------------------------------------------------------

--
-- Estructura de tabla para la tabla `billing`
--

CREATE TABLE `billing` (
  `id` bigint(20) NOT NULL,
  `taxes` float NOT NULL,
  `discount` float NOT NULL,
  `pay` float NOT NULL,
  `client_id` bigint(20) NOT NULL
) ENGINE=InnoDB DEFAULT CHARSET=utf8;

--
-- Volcado de datos para la tabla `billing`
--

INSERT INTO `billing` (`id`, `taxes`, `discount`, `pay`, `client_id`) VALUES
(1, 22.26, 20.99, 363.81, 641),
(2, 10.19, 7.62, 661.41, 264),
(3, 41.56, 24.02, 492.42, 518),
(4, 35.36, 41.16, 459.34, 817),
(5, 13.03, 32.07, 925.76, 567),
(6, 7.17, 15.33, 199.51, 675),
(7, 6.08, 30.44, 444.3, 813),
(8, 45.02, 21.69, 181.19, 14),
(9, 15.43, 44.81, 947.4, 527),
(10, 5.09, 29.78, 541.14, 135),
(11, 13.13, 33.77, 213.74, 601),
(12, 16.4, 4.38, 460.18, 799),
(13, 21.27, 24.98, 31.08, 316),
(14, 49.24, 9.71, 622.74, 378),
(15, 6.92, 36.33, 670.67, 4),
(16, 39.76, 14.27, 745.06, 785),
(17, 30.53, 8.43, 381.05, 534),
(18, 1.34, 24.7, 278.81, 960),
(19, 34.6, 41.03, 971.03, 477),
(20, 11.61, 7.24, 694.23, 379),
(21, 2.69, 16.59, 975.15, 35),
(22, 4.72, 4.06, 914.13, 578),
(23, 24.35, 41.32, 961.46, 483),
(24, 13.06, 21.06, 257.31, 756),
(25, 9.37, 22.55, 598.62, 852),
(26, 27.53, 44.02, 568.23, 289),
(27, 24.41, 33.78, 30.41, 449),
(28, 12.09, 8.93, 800.89, 19),
(29, 22.61, 40.64, 698.43, 552),
(30, 37.49, 20.2, 593.72, 206),
(31, 16.19, 1.94, 145.38, 781),
(32, 25.51, 29.92, 214.07, 821),
(33, 34.14, 28.48, 138.96, 634),
(34, 11.51, 48.35, 674.45, 327),
(35, 19.52, 10.77, 941.21, 41),
(36, 43.57, 4.2, 895.6, 855),
(37, 44.75, 5.79, 501.27, 799),
(38, 9.8, 23.09, 860.58, 575),
(39, 1.75, 15.44, 672.78, 588),
(40, 20.13, 26.8, 770.31, 630),
(41, 17.72, 43.93, 389.75, 310),
(42, 25.1, 30.24, 144.88, 237),
(43, 3.19, 28.27, 676.16, 955),
(44, 2.89, 26.45, 179.4, 500),
(45, 48.41, 5.15, 750.26, 101),
(46, 27.7, 48.08, 735.03, 871),
(47, 10.66, 20.97, 830.19, 604),
(48, 20.31, 37.79, 603.73, 175),
(49, 27.69, 12.07, 386.87, 801),
(50, 40.2, 13.79, 936.98, 934),
(51, 17.75, 42.58, 955.06, 24),
(52, 26.15, 0.56, 165.91, 549),
(53, 27.56, 46.93, 234.05, 784),
(54, 10.65, 8.39, 355.06, 453),
(55, 32.78, 44.71, 372.83, 442),
(56, 3.69, 20.62, 83.5, 553),
(57, 25.83, 9.15, 719.7, 625),
(58, 4.59, 20.11, 677.99, 640),
(59, 48.14, 17.52, 965.7, 660),
(60, 31, 21.21, 911.39, 105),
(61, 49.13, 8.58, 777.76, 278),
(62, 35.9, 16.83, 570.83, 315),
(63, 15.58, 19.49, 484.08, 614),
(64, 3.82, 11.39, 416.22, 328),
(65, 9.4, 3.07, 692.62, 911),
(66, 11.78, 6.29, 306.09, 880),
(67, 31.62, 25.86, 445.98, 713),
(68, 2.21, 32.55, 558.26, 226),
(69, 43.86, 3.08, 91.93, 53),
(70, 34.26, 23.33, 837.56, 929),
(71, 21.11, 21.57, 617.65, 574),
(72, 12.19, 28.3, 620.49, 319),
(73, 13.06, 17.59, 163.41, 267),
(74, 44.64, 42.18, 641.17, 703),
(75, 0.17, 25.12, 143.23, 319),
(76, 37.89, 21.46, 191.7, 170),
(77, 19.18, 8.76, 343.52, 40),
(78, 26.68, 49.89, 340, 166),
(79, 10.43, 15.42, 274.23, 596),
(80, 32.12, 2.57, 886.24, 842),
(81, 39.11, 0.85, 520.68, 459),
(82, 42.73, 7.52, 894.82, 225),
(83, 45.59, 45.75, 565.15, 935),
(84, 25.52, 44.53, 617.17, 711),
(85, 34.05, 43.64, 820.81, 340),
(86, 24, 42.48, 632.83, 453),
(87, 22.74, 23.98, 136.73, 786),
(88, 6.12, 27.08, 968.15, 824),
(89, 47.38, 6.45, 591.74, 757),
(90, 8.6, 35.56, 534.07, 773),
(91, 1.1, 1.79, 13.29, 156),
(92, 50, 4.87, 284.82, 126),
(93, 44.72, 28.46, 56.65, 991),
(94, 29.46, 3.74, 235.57, 591),
(95, 19.37, 13.77, 388.44, 480),
(96, 4.52, 18.81, 288.25, 862),
(97, 19.59, 46.83, 851.02, 804),
(98, 35.5, 34.88, 147.45, 394),
(99, 28.45, 49.16, 804.63, 432),
(100, 18.1, 21.09, 417.1, 143);

-- --------------------------------------------------------

--
-- Estructura de tabla para la tabla `billing_products`
--

CREATE TABLE `billing_products` (
  `billing_id` bigint(20) NOT NULL,
  `product_id` bigint(20) NOT NULL
) ENGINE=InnoDB DEFAULT CHARSET=utf8;

--
-- Volcado de datos para la tabla `billing_products`
--

INSERT INTO `billing_products` (`billing_id`, `product_id`) VALUES
(1, 443),
(1, 517),
(1, 772),
(1, 780),
(1, 805),
(1, 845),
(1, 850),
(1, 916),
(2, 13),
(2, 288),
(2, 430),
(2, 485),
(2, 563),
(2, 609),
(2, 828),
(2, 895),
(2, 975),
(3, 47),
(3, 118),
(3, 266),
(3, 277),
(3, 453),
(3, 516),
(3, 542),
(3, 848),
(4, 11),
(4, 77),
(4, 249),
(4, 281),
(4, 287),
(4, 354),
(4, 376),
(4, 747),
(4, 962),
(5, 10),
(5, 76),
(5, 211),
(5, 279),
(5, 427),
(5, 434),
(5, 494),
(5, 627),
(5, 867),
(5, 887),
(5, 905),
(5, 916),
(6, 43),
(6, 64),
(6, 194),
(6, 255),
(6, 388),
(6, 537),
(6, 571),
(6, 582),
(6, 725),
(6, 816),
(6, 846),
(6, 861),
(7, 6),
(7, 114),
(7, 180),
(7, 341),
(7, 468),
(7, 483),
(7, 530),
(7, 758),
(7, 860),
(7, 986),
(8, 92),
(8, 288),
(8, 323),
(8, 388),
(8, 456),
(8, 607),
(8, 822),
(8, 892),
(8, 954),
(9, 67),
(9, 77),
(9, 78),
(9, 111),
(9, 124),
(9, 311),
(9, 352),
(9, 375),
(9, 462),
(9, 526),
(9, 578),
(9, 630),
(9, 883),
(10, 133),
(10, 435),
(10, 583),
(10, 923),
(11, 25),
(11, 168),
(11, 320),
(11, 371),
(11, 404),
(11, 549),
(11, 572),
(11, 601),
(11, 668),
(11, 688),
(11, 799),
(11, 865),
(11, 890),
(11, 893),
(11, 951),
(11, 967),
(12, 167),
(12, 580),
(12, 783),
(12, 821),
(12, 915),
(13, 121),
(13, 277),
(13, 285),
(13, 527),
(13, 865),
(14, 15),
(14, 82),
(14, 142),
(14, 317),
(14, 409),
(14, 409),
(14, 533),
(14, 752),
(14, 797),
(14, 858),
(15, 16),
(15, 41),
(15, 319),
(15, 350),
(15, 359),
(15, 360),
(15, 603),
(15, 625),
(15, 657),
(15, 671),
(15, 723),
(15, 741),
(15, 953),
(16, 22),
(16, 65),
(16, 105),
(16, 155),
(16, 438),
(16, 705),
(16, 800),
(16, 880),
(17, 56),
(17, 184),
(17, 193),
(17, 210),
(17, 248),
(17, 296),
(17, 301),
(17, 326),
(17, 430),
(17, 446),
(17, 520),
(17, 709),
(17, 819),
(17, 839),
(17, 937),
(18, 211),
(18, 289),
(18, 468),
(18, 495),
(18, 523),
(18, 607),
(18, 742),
(18, 768),
(18, 868),
(19, 368),
(19, 563),
(19, 708),
(19, 737),
(19, 751),
(19, 864),
(19, 958),
(19, 974),
(20, 114),
(20, 217),
(20, 301),
(20, 308),
(20, 339),
(20, 370),
(20, 410),
(20, 829),
(21, 31),
(21, 310),
(21, 419),
(21, 431),
(21, 813),
(21, 819),
(21, 920),
(21, 951),
(21, 960),
(21, 961),
(22, 27),
(22, 173),
(22, 194),
(22, 283),
(22, 419),
(22, 505),
(22, 636),
(22, 711),
(22, 805),
(22, 838),
(22, 845),
(22, 878),
(23, 139),
(23, 410),
(23, 561),
(23, 591),
(23, 663),
(23, 767),
(23, 983),
(24, 18),
(24, 57),
(24, 71),
(24, 73),
(24, 137),
(24, 183),
(24, 185),
(24, 670),
(24, 920),
(24, 923),
(24, 935),
(24, 947),
(25, 128),
(25, 240),
(25, 526),
(25, 559),
(25, 748),
(25, 846),
(26, 34),
(26, 115),
(26, 178),
(26, 334),
(26, 346),
(26, 371),
(26, 424),
(26, 461),
(26, 651),
(26, 697),
(26, 956),
(27, 200),
(27, 396),
(27, 441),
(27, 534),
(27, 680),
(27, 685),
(27, 733),
(27, 762),
(27, 792),
(27, 811),
(28, 151),
(28, 398),
(28, 443),
(28, 566),
(28, 712),
(28, 817),
(28, 884),
(29, 24),
(29, 72),
(29, 146),
(29, 186),
(29, 203),
(29, 354),
(29, 416),
(29, 418),
(29, 639),
(29, 797),
(29, 807),
(29, 869),
(30, 12),
(30, 108),
(30, 137),
(30, 185),
(30, 208),
(30, 259),
(30, 326),
(30, 647),
(30, 647),
(30, 744),
(30, 762),
(30, 803),
(30, 866),
(30, 996),
(31, 57),
(31, 141),
(31, 379),
(31, 382),
(31, 604),
(31, 651),
(31, 657),
(31, 663),
(31, 701),
(31, 710),
(32, 25),
(32, 77),
(32, 118),
(32, 216),
(32, 681),
(32, 730),
(32, 815),
(32, 874),
(32, 936),
(33, 6),
(33, 40),
(33, 62),
(33, 75),
(33, 127),
(33, 182),
(33, 350),
(33, 404),
(33, 579),
(33, 596),
(34, 17),
(34, 115),
(34, 377),
(34, 447),
(34, 455),
(34, 495),
(34, 546),
(34, 596),
(34, 639),
(34, 669),
(34, 714),
(34, 764),
(34, 800),
(34, 999),
(34, 1000),
(35, 26),
(35, 207),
(35, 337),
(35, 344),
(35, 441),
(35, 526),
(35, 605),
(35, 628),
(35, 969),
(36, 75),
(36, 165),
(36, 194),
(36, 240),
(36, 357),
(36, 440),
(36, 783),
(36, 947),
(36, 967),
(36, 985),
(36, 987),
(36, 997),
(37, 63),
(37, 75),
(37, 240),
(37, 447),
(37, 461),
(37, 557),
(37, 581),
(37, 677),
(37, 753),
(37, 830),
(37, 847),
(37, 861),
(37, 886),
(37, 919),
(38, 15),
(38, 43),
(38, 54),
(38, 56),
(38, 103),
(38, 142),
(38, 248),
(38, 327),
(38, 331),
(38, 376),
(38, 475),
(38, 674),
(38, 877),
(38, 942),
(38, 963),
(39, 45),
(39, 228),
(39, 272),
(39, 361),
(39, 475),
(39, 617),
(39, 627),
(39, 628),
(39, 806),
(39, 841),
(40, 198),
(40, 255),
(40, 256),
(40, 427),
(40, 448),
(40, 634),
(40, 743),
(40, 756),
(40, 834),
(41, 68),
(41, 85),
(41, 92),
(41, 111),
(41, 114),
(41, 145),
(41, 175),
(41, 331),
(41, 392),
(41, 409),
(41, 552),
(41, 563),
(41, 590),
(41, 703),
(41, 717),
(41, 738),
(42, 5),
(42, 65),
(42, 150),
(42, 267),
(42, 271),
(42, 593),
(42, 616),
(42, 626),
(42, 647),
(42, 808),
(42, 858),
(42, 996),
(43, 151),
(43, 201),
(43, 295),
(43, 307),
(43, 378),
(43, 698),
(43, 859),
(43, 909),
(43, 998),
(44, 13),
(44, 55),
(44, 114),
(44, 126),
(44, 247),
(44, 264),
(44, 291),
(44, 343),
(44, 348),
(44, 349),
(44, 591),
(44, 757),
(44, 917),
(44, 925),
(45, 5),
(45, 59),
(45, 202),
(45, 317),
(45, 398),
(45, 499),
(45, 634),
(45, 731),
(45, 913),
(45, 957),
(45, 978),
(46, 75),
(46, 468),
(46, 724),
(46, 728),
(46, 743),
(46, 948),
(46, 966),
(47, 161),
(47, 214),
(47, 281),
(47, 428),
(47, 753),
(48, 80),
(48, 142),
(48, 164),
(48, 166),
(48, 200),
(48, 350),
(48, 411),
(48, 437),
(48, 501),
(48, 535),
(48, 555),
(48, 734),
(48, 948),
(48, 972),
(49, 179),
(49, 367),
(49, 423),
(49, 476),
(49, 478),
(49, 486),
(49, 528),
(49, 664),
(49, 849),
(49, 902),
(49, 985),
(50, 125),
(50, 151),
(50, 242),
(50, 292),
(50, 361),
(50, 443),
(50, 470),
(50, 595),
(50, 682),
(50, 887),
(50, 893),
(51, 236),
(51, 353),
(51, 473),
(51, 731),
(51, 828),
(51, 968),
(51, 986),
(52, 56),
(52, 122),
(52, 168),
(52, 344),
(52, 361),
(52, 472),
(52, 500),
(52, 874),
(52, 964),
(53, 24),
(53, 191),
(53, 198),
(53, 338),
(53, 622),
(53, 657),
(53, 726),
(53, 814),
(53, 829),
(54, 80),
(54, 302),
(54, 326),
(54, 350),
(54, 797),
(54, 800),
(54, 991),
(54, 998),
(55, 169),
(55, 558),
(55, 621),
(55, 658),
(55, 678),
(55, 706),
(55, 772),
(55, 801),
(55, 838),
(55, 921),
(55, 963),
(56, 132),
(56, 235),
(56, 300),
(56, 313),
(56, 314),
(56, 398),
(56, 532),
(56, 542),
(56, 716),
(56, 732),
(56, 856),
(56, 995),
(57, 148),
(57, 266),
(57, 460),
(57, 502),
(57, 572),
(57, 589),
(57, 828),
(57, 966),
(57, 985),
(58, 63),
(58, 151),
(58, 320),
(58, 463),
(58, 576),
(58, 595),
(58, 618),
(58, 645),
(58, 754),
(58, 968),
(59, 1),
(59, 143),
(59, 267),
(59, 431),
(59, 562),
(59, 581),
(59, 625),
(59, 735),
(59, 736),
(60, 75),
(60, 128),
(60, 159),
(60, 232),
(60, 500),
(60, 558),
(60, 592),
(60, 631),
(60, 819),
(60, 828),
(61, 77),
(61, 261),
(61, 262),
(61, 309),
(61, 437),
(61, 473),
(61, 483),
(61, 491),
(61, 646),
(61, 784),
(61, 863),
(61, 953),
(61, 987),
(62, 247),
(62, 274),
(62, 314),
(62, 421),
(62, 503),
(62, 534),
(62, 628),
(62, 762),
(62, 831),
(63, 188),
(63, 245),
(63, 315),
(63, 435),
(63, 781),
(63, 921),
(63, 941),
(64, 263),
(64, 327),
(64, 348),
(64, 383),
(64, 511),
(64, 740),
(64, 916),
(65, 91),
(65, 152),
(65, 536),
(65, 613),
(65, 702),
(65, 805),
(65, 919),
(65, 961),
(66, 56),
(66, 78),
(66, 289),
(66, 339),
(66, 414),
(66, 646),
(66, 709),
(66, 759),
(66, 898),
(66, 911),
(66, 912),
(66, 939),
(67, 79),
(67, 211),
(67, 313),
(67, 418),
(67, 672),
(67, 750),
(67, 779),
(67, 955),
(68, 199),
(68, 246),
(68, 273),
(68, 386),
(68, 406),
(68, 513),
(68, 558),
(68, 565),
(68, 619),
(68, 767),
(68, 947),
(69, 96),
(69, 718),
(69, 797),
(69, 814),
(69, 834),
(69, 862),
(69, 896),
(69, 980),
(70, 52),
(70, 87),
(70, 91),
(70, 242),
(70, 459),
(70, 467),
(70, 680),
(71, 77),
(71, 118),
(71, 146),
(71, 229),
(71, 369),
(71, 379),
(71, 462),
(71, 502),
(71, 651),
(71, 669),
(71, 681),
(71, 697),
(71, 711),
(71, 801),
(71, 816),
(71, 908),
(71, 995),
(72, 194),
(72, 216),
(72, 251),
(72, 283),
(72, 401),
(72, 409),
(72, 423),
(72, 720),
(72, 766),
(73, 1),
(73, 3),
(73, 17),
(73, 159),
(73, 261),
(73, 264),
(73, 341),
(73, 435),
(73, 436),
(73, 498),
(73, 607),
(73, 785),
(73, 817),
(73, 865),
(74, 38),
(74, 254),
(74, 286),
(74, 693),
(74, 750),
(74, 763),
(74, 883),
(74, 906),
(74, 952),
(74, 960),
(74, 969),
(75, 154),
(75, 503),
(75, 649),
(75, 729),
(75, 806),
(75, 874),
(76, 237),
(76, 462),
(76, 470),
(76, 488),
(76, 546),
(76, 840),
(77, 12),
(77, 161),
(77, 219),
(77, 464),
(77, 730),
(77, 847),
(77, 867),
(77, 874),
(77, 936),
(78, 7),
(78, 14),
(78, 171),
(78, 178),
(78, 232),
(78, 393),
(78, 466),
(78, 471),
(78, 745),
(78, 849),
(78, 854),
(78, 875),
(78, 989),
(79, 72),
(79, 135),
(79, 214),
(79, 480),
(79, 491),
(79, 516),
(79, 563),
(79, 622),
(79, 674),
(79, 738),
(79, 844),
(79, 893),
(79, 971),
(80, 111),
(80, 438),
(80, 548),
(80, 600),
(80, 616),
(80, 907),
(81, 150),
(81, 249),
(81, 349),
(81, 463),
(81, 530),
(81, 630),
(81, 635),
(81, 801),
(81, 910),
(81, 922),
(81, 955),
(81, 971),
(82, 149),
(82, 150),
(82, 229),
(82, 266),
(82, 514),
(82, 618),
(82, 659),
(82, 674),
(82, 702),
(82, 729),
(82, 758),
(82, 817),
(83, 38),
(83, 114),
(83, 140),
(83, 215),
(83, 332),
(83, 565),
(83, 588),
(83, 624),
(83, 924),
(84, 90),
(84, 384),
(84, 391),
(84, 435),
(84, 467),
(84, 651),
(84, 724),
(84, 874),
(85, 63),
(85, 73),
(85, 276),
(85, 286),
(85, 321),
(85, 542),
(85, 766),
(85, 776),
(85, 781),
(85, 987),
(86, 289),
(86, 368),
(86, 416),
(86, 444),
(86, 480),
(86, 607),
(86, 834),
(86, 949),
(86, 963),
(87, 53),
(87, 90),
(87, 235),
(87, 252),
(87, 395),
(87, 475),
(87, 558),
(87, 653),
(87, 658),
(87, 839),
(88, 30),
(88, 99),
(88, 402),
(88, 428),
(88, 438),
(88, 471),
(88, 595),
(88, 727),
(88, 777),
(88, 902),
(88, 908),
(88, 979),
(89, 47),
(89, 191),
(89, 325),
(89, 340),
(89, 551),
(89, 569),
(89, 581),
(89, 595),
(89, 794),
(89, 823),
(90, 10),
(90, 58),
(90, 139),
(90, 259),
(90, 293),
(90, 334),
(90, 468),
(90, 608),
(90, 739),
(90, 968),
(91, 153),
(91, 161),
(91, 247),
(91, 272),
(91, 467),
(91, 504),
(91, 636),
(91, 703),
(91, 998),
(91, 999),
(92, 129),
(92, 130),
(92, 230),
(92, 278),
(92, 587),
(92, 810),
(92, 878),
(92, 964),
(93, 67),
(93, 219),
(93, 494),
(93, 742),
(93, 784),
(93, 785),
(93, 825),
(93, 986),
(94, 299),
(94, 439),
(94, 619),
(94, 743),
(94, 757),
(94, 843),
(94, 856),
(95, 177),
(95, 212),
(95, 306),
(95, 652),
(95, 918),
(95, 954),
(96, 94),
(96, 529),
(96, 641),
(96, 654),
(96, 687),
(96, 908),
(96, 984),
(97, 45),
(97, 110),
(97, 354),
(97, 667),
(97, 707),
(97, 728),
(97, 812),
(97, 933),
(98, 486),
(98, 585),
(98, 636),
(98, 649),
(98, 692),
(98, 740),
(98, 942),
(98, 987),
(99, 32),
(99, 48),
(99, 51),
(99, 64),
(99, 213),
(99, 314),
(99, 323),
(99, 355),
(99, 383),
(99, 393),
(99, 477),
(99, 523),
(99, 539),
(99, 636),
(99, 772),
(99, 796),
(99, 818),
(99, 841),
(99, 918),
(99, 940),
(100, 123),
(100, 178),
(100, 239),
(100, 255),
(100, 319),
(100, 387),
(100, 435),
(100, 563),
(100, 718),
(100, 732),
(100, 789),
(100, 907),
(100, 952);

-- --------------------------------------------------------

--
-- Estructura de tabla para la tabla `clients`
--

CREATE TABLE `clients` (
  `id` bigint(11) NOT NULL,
  `dni` varchar(27) NOT NULL,
  `name` varchar(255) NOT NULL,
  `country` varchar(2) NOT NULL
) ENGINE=InnoDB DEFAULT CHARSET=utf8;

--
-- Volcado de datos para la tabla `clients`
--

INSERT INTO `clients` (`id`, `dni`, `name`, `country`) VALUES
(1, '3543224577562154', 'Harald', 'CU'),
(2, '4175001498135820', 'Della', 'CA'),
(3, '5566459181654347', 'Judy', 'NO'),
(4, '4917649271708693', 'Beitris', 'LK'),
(5, '3533207467958170', 'Mariska', 'ID'),
(6, '67063775938284551', 'Cindie', 'CN'),
(7, '6387029896494894', 'Irvine', 'LU'),
(8, '30562583938355', 'Adolphe', 'FR'),
(9, '3570676260704524', 'Giles', 'US'),
(10, '3536598500016480', 'Saidee', 'US'),
(11, '3572336468675269', 'Harmonie', 'PL'),
(12, '3556410245125433', 'Trefor', 'RU'),
(13, '4913270360959404', 'Shara', 'NL'),
(14, '3582173990612801', 'Catlee', 'IL'),
(15, '4041376865549', 'Chaddie', 'DE'),
(16, '6709288738605932357', 'Rois', 'PL'),
(17, '3582085159925164', 'Raymond', 'PH'),
(18, '3552970006720528', 'Anselma', 'FR'),
(19, '3571418617103418', 'Hedy', 'ID'),
(20, '3567126174295099', 'Henrie', 'CN'),
(21, '5602241513316316', 'Kinsley', 'BS'),
(22, '3569770560669538', 'Perl', 'CN'),
(23, '5602221510157830', 'Neale', 'FR'),
(24, '3546050239013352', 'Dotti', 'PH'),
(25, '30579986646013', 'Lanni', 'NP'),
(26, '3576259226073740', 'Chloette', 'PH'),
(27, '6334831238259487', 'Yehudi', 'FR'),
(28, '6398587051391152', 'Art', 'AF'),
(29, '3554722419462760', 'Zebadiah', 'CN'),
(30, '5407615539896178', 'Donni', 'AR'),
(31, '5494245824778701', 'Lucius', 'TH'),
(32, '3545420775556273', 'Nickie', 'MT'),
(33, '6331103889375730285', 'Velvet', 'CN'),
(34, '201491454377084', 'Claudius', 'PE'),
(35, '374622411704728', 'Jorry', 'BR'),
(36, '4405510170619093', 'Margy', 'SE'),
(37, '3530960587114636', 'Adolphus', 'GR'),
(38, '675973593243056526', 'Nicki', 'ID'),
(39, '3589664102212681', 'Anderea', 'PT'),
(40, '201669877435890', 'Sydelle', 'TH'),
(41, '3541394043313052', 'Lurleen', 'SY'),
(42, '6333712736825758', 'Axel', 'MZ'),
(43, '4508845677889674', 'Mair', 'CN'),
(44, '3569338699445228', 'Sissy', 'SE'),
(45, '4405400497978796', 'Talbot', 'PH'),
(46, '67596975291246546', 'Saloma', 'CN'),
(47, '374288905892195', 'Catherine', 'GT'),
(48, '3559889515393861', 'Brittani', 'CN'),
(49, '3574789523096319', 'Sibilla', 'TH'),
(50, '3573723663263604', 'Stefanie', 'RS'),
(51, '3548366033651637', 'Gustavo', 'ID'),
(52, '6304036968074272', 'Zulema', 'ID'),
(53, '6380087602338265', 'Rebekkah', 'NO'),
(54, '4913732988709222', 'Odessa', 'PH'),
(55, '3575071384562609', 'Feodor', 'CZ'),
(56, '3589879471410282', 'Zena', 'AL'),
(57, '3586746384014183', 'Valerie', 'ID'),
(58, '3587303150943812', 'countrynsolata', 'LU'),
(59, '3568067076466181', 'Rich', 'RU'),
(60, '5602211139908028', 'Carolina', 'CN'),
(61, '3570076312165727', 'Mortie', 'CN'),
(62, '3538094771289129', 'Byrle', 'PL'),
(63, '377439915923887', 'Cherise', 'BR'),
(64, '3580053215531055', 'Lolita', 'RU'),
(65, '4041376959820728', 'Bobinette', 'RU'),
(66, '3567072112915788', 'Bryan', 'PK'),
(67, '3561366963675475', 'Katrinka', 'BR'),
(68, '4175000381217216', 'Horace', 'ID'),
(69, '30382580318364', 'Doreen', 'BR'),
(70, '3583517208765364', 'Patricia', 'ID'),
(71, '3553937726742859', 'Vittorio', 'CN'),
(72, '5007667038230585', 'Hazel', 'CM'),
(73, '5580738959841422', 'Reinaldo', 'KH'),
(74, '3539068991179632', 'Herby', 'PT'),
(75, '5602250896551191', 'Rudd', 'BR'),
(76, '5563996299072204', 'Brunhilde', 'CZ'),
(77, '3572329307562228', 'Amory', 'NG'),
(78, '3560123675594655', 'Sanderson', 'DK'),
(79, '060493732804296446', 'Gregoor', 'DE'),
(80, '5100133055686247', 'Casi', 'SE'),
(81, '6759382816829727967', 'Payton', 'CZ'),
(82, '5602251405965096', 'Shirlee', 'JP'),
(83, '5121182171409161', 'Randa', 'CZ'),
(84, '5108759334426864', 'Elaina', 'PL'),
(85, '4175007591256181', 'Reggie', 'UA'),
(86, '3571237731465143', 'Marsh', 'GR'),
(87, '3589283254626455', 'Saba', 'AL'),
(88, '3534805297674351', 'Carie', 'SY'),
(89, '6709218998470297', 'Aarika', 'CR'),
(90, '3528558219914367', 'Perceval', 'CN'),
(91, '5359053996025412', 'Sascha', 'PL'),
(92, '201921720754658', 'Hazel', 'UG'),
(93, '3572494008051754', 'Marys', 'HN'),
(94, '3536785701604376', 'Kristyn', 'TZ'),
(95, '3585954636181229', 'Kelci', 'IR'),
(96, '3571197313502996', 'Des', 'CN'),
(97, '3581995605107764', 'Felix', 'FR'),
(98, '3580621948947887', 'Sallee', 'PA'),
(99, '379741848240935', 'Van', 'CN'),
(100, '3557353001631815', 'Skip', 'MX'),
(101, '3558584523770645', 'Josie', 'CN'),
(102, '3533113571131276', 'Mella', 'BR'),
(103, '4917099372557104', 'Maressa', 'ID'),
(104, '3529483229900612', 'Christean', 'ID'),
(105, '3542291260016849', 'Latisha', 'ID'),
(106, '5314429225189704', 'Janet', 'CN'),
(107, '5602236997847174', 'Rawley', 'PL'),
(108, '493692421716828676', 'Egbert', 'CN'),
(109, '3556194941375894', 'Neall', 'CN'),
(110, '3569511982753850', 'Troy', 'PT'),
(111, '5108759293549920', 'Rockie', 'DO'),
(112, '5100144399954431', 'Darell', 'BY'),
(113, '3587625466508560', 'Cindie', 'JP'),
(114, '6333777590372806273', 'Floria', 'co'),
(115, '4903638809914994', 'Faunie', 'PT'),
(116, '5108757471136429', 'Sandy', 'RU'),
(117, '3564152625865648', 'Sammy', 'NL'),
(118, '5002350140935061', 'Madge', 'CN'),
(119, '67069564407442112', 'Martie', 'CN'),
(120, '201860615903212', 'Huberto', 'ES'),
(121, '201623782046441', 'Hailee', 'VN'),
(122, '3581629119606223', 'Laural', 'CN'),
(123, '6394668147502178', 'Fidel', 'BR'),
(124, '06047563459774179', 'Giacinta', 'DE'),
(125, '3536703861116180', 'Leigh', 'CN'),
(126, '3561611260867766', 'Thatcher', 'RU'),
(127, '633389961534897337', 'Ingaberg', 'HN'),
(128, '5048378266176604', 'Shandy', 'ID'),
(129, '3577027010333508', 'Aldo', 'RU'),
(130, '374622478327868', 'Enricountry', 'KZ'),
(131, '30101384951463', 'Kathy', 'ID'),
(132, '3557271027994845', 'Doloritas', 'BY'),
(133, '6331101241634917', 'Marylin', 'CN'),
(134, '4917467542108217', 'Garner', 'ID'),
(135, '337941813958765', 'Marwin', 'ID'),
(136, '3565151855516789', 'Ekaterina', 'AR'),
(137, '3554923175070751', 'Luise', 'CN'),
(138, '3549592341396156', 'Rubetta', 'PH'),
(139, '5602246131852386', 'Holly-anne', 'ID'),
(140, '5038064470513574', 'Davy', 'RU'),
(141, '3576157239909704', 'Melody', 'CN'),
(142, '3582127833091615', 'Gail', 'CN'),
(143, '3544204880399212', 'Gae', 'BR'),
(144, '3561369244828046', 'Winifred', 'ID'),
(145, '3566152056809279', 'Joli', 'CN'),
(146, '5123664894411366', 'Leeanne', 'GB'),
(147, '3571593584353921', 'Jo', 'RU'),
(148, '3541726506953504', 'Justino', 'CN'),
(149, '3549967178800290', 'Ronny', 'SI'),
(150, '6762824650909788122', 'Abbott', 'GR'),
(151, '5893554459199555', 'Raine', 'CM'),
(152, '5602247747804274', 'Roger', 'US'),
(153, '6771818930095246930', 'Ainsley', 'PL'),
(154, '3535816108543957', 'Marcella', 'ID'),
(155, '5602228523333738', 'Ferdinande', 'GR'),
(156, '3575066808653471', 'Aline', 'US'),
(157, '6334774489361521', 'Fidelia', 'CN'),
(158, '3583410814719373', 'Juanita', 'PT'),
(159, '30312595623888', 'Henderson', 'PH'),
(160, '6391461244808240', 'countrynn', 'ID'),
(161, '56022104481356331', 'Haily', 'PL'),
(162, '5602215858265973', 'Travers', 'CN'),
(163, '3549638885620301', 'Neila', 'CN'),
(164, '5602213021260576019', 'Merell', 'AM'),
(165, '3580277996376444', 'Sophronia', 'BR'),
(166, '5307913038094986', 'Anstice', 'PH'),
(167, '3559868065168840', 'Quentin', 'CN'),
(168, '3542853875610744', 'Siouxie', 'PH'),
(169, '3567819673571735', 'Bailie', 'CN'),
(170, '4041379269129', 'Ninnetta', 'PK'),
(171, '3582720654482358', 'Margit', 'JP'),
(172, '3538824902476116', 'Cleon', 'PL'),
(173, '5602244391504342', 'Kai', 'ID'),
(174, '5610050970684599', 'Rosanna', 'CN'),
(175, '5602234593297929960', 'Maisie', 'CN'),
(176, '3536926082983860', 'Creigh', 'co'),
(177, '5602214910841922180', 'Sayer', 'CN'),
(178, '3531002368261457', 'Shina', 'JP'),
(179, '5893571457810272', 'Josiah', 'CN'),
(180, '3561849347816501', 'Davine', 'TH'),
(181, '6373846008435143', 'Ezechiel', 'FR'),
(182, '4917091227685909', 'Vincents', 'BI'),
(183, '63049258969254254', 'Jena', 'SY'),
(184, '4911557849694264780', 'Boonie', 'CN'),
(185, '3587300514060994', 'Rhonda', 'RS'),
(186, '3581767060195943', 'Filbert', 'RU'),
(187, '3532180851602954', 'Ernesta', 'BR'),
(188, '5602220384241605', 'Casi', 'CN'),
(189, '3585781897690907', 'Staci', 'CN'),
(190, '6389801676040180', 'Helaine', 'CN'),
(191, '4041591403944', 'Lolly', 'CN'),
(192, '4936230196061141', 'Adi', 'AW'),
(193, '3586121978993384', 'Noll', 'PH'),
(194, '30348134801130', 'Dorelle', 'CN'),
(195, '3535447236154184', 'Lusa', 'PT'),
(196, '6304285838102371', 'Ruthe', 'PH'),
(197, '3537724851025206', 'Mallissa', 'US'),
(198, '5602239577484483', 'Diandra', 'NG'),
(199, '3550491565903514', 'Catherine', 'MK'),
(200, '5162093890703927', 'Rosa', 'CN'),
(201, '3537445917572185', 'Quillan', 'PL'),
(202, '4026381430399846', 'Eugenio', 'ID'),
(203, '5007666248360505', 'Albertina', 'CN'),
(204, '3557195108087197', 'Jermaine', 'PH'),
(205, '5100147860140307', 'Dagmar', 'BR'),
(206, '3585318359001891', 'Ashia', 'PH'),
(207, '201521725753463', 'Calla', 'PH'),
(208, '4405643186227153', 'Bastian', 'HR'),
(209, '377024151863847', 'Marvin', 'US'),
(210, '3529795037368363', 'Berton', 'CN'),
(211, '3552218178723817', 'Englebert', 'PE'),
(212, '3577452539311548', 'Pamella', 'NO'),
(213, '3543549656853615', 'Sheela', 'CN'),
(214, '5048373506564578', 'Astrid', 'ID'),
(215, '06044565603230381', 'Catina', 'BR'),
(216, '5602252441001706', 'Cherey', 'GR'),
(217, '501898156825885777', 'Debee', 'AR'),
(218, '3535085258357002', 'Robinette', 'CZ'),
(219, '374283638480145', 'Evvy', 'ID'),
(220, '3570470114645855', 'Hymie', 'CN'),
(221, '3581217269553054', 'Siobhan', 'VN'),
(222, '30135285920896', 'Tobe', 'PT'),
(223, '3551052099917724', 'Humberto', 'ID'),
(224, '3565019897471547', 'Helenka', 'CN'),
(225, '4026370437623233', 'Deedee', 'BR'),
(226, '3588206583145427', 'Antonietta', 'GB'),
(227, '5602254355676242', 'Florance', 'CN'),
(228, '3534364060256202', 'Gaston', 'ID'),
(229, '5319895250466834', 'Marcellus', 'MX'),
(230, '5602217442467834', 'Mozelle', 'JP'),
(231, '6767463832499972887', 'Keely', 'CN'),
(232, '56102842982398780', 'Kristoforo', 'JP'),
(233, '3554130968802347', 'Gwendolin', 'JP'),
(234, '6304798287712540', 'Garland', 'CN'),
(235, '3558939220394646', 'Gwyneth', 'ES'),
(236, '3579737693938088', 'Robinson', 'ET'),
(237, '3543937020584794', 'Cyndy', 'IR'),
(238, '5602215732849612', 'Vaughan', 'AF'),
(239, '3544932560975469', 'Rancell', 'MY'),
(240, '5100149249637631', 'Kirby', 'CN'),
(241, '5405580287186135', 'Pall', 'AR'),
(242, '3569939811373642', 'Waverley', 'RU'),
(243, '3564523094131292', 'Illa', 'GT'),
(244, '5893508534388794685', 'Stephie', 'CN'),
(245, '3568747098582988', 'Blondell', 'CN'),
(246, '6759642208309210', 'Tobye', 'CN'),
(247, '3562780552340615', 'Monique', 'LT'),
(248, '3578772545288995', 'Barnabe', 'ID'),
(249, '5475395439437970', 'Otto', 'CN'),
(250, '5020710086568135', 'Burlie', 'SE'),
(251, '6304749058936443062', 'Shelly', 'ID'),
(252, '3573654359690075', 'Erhart', 'VE'),
(253, '3569627369363004', 'Brendon', 'CN'),
(254, '5010120175497240', 'Phyllida', 'PE'),
(255, '3575952105360458', 'Cullan', 'HN'),
(256, '3586927068737667', 'Cherice', 'TH'),
(257, '6759123142467430', 'Forbes', 'CN'),
(258, '3575522818738157', 'Olivie', 'BR'),
(259, '3571600883036907', 'Mike', 'CZ'),
(260, '201744239033939', 'Brander', 'BR'),
(261, '4905102497797870111', 'Bette-ann', 'CN'),
(262, '4430222424108', 'Lynna', 'BR'),
(263, '3544331275465512', 'Virge', 'TZ'),
(264, '5641823937206828', 'Melisande', 'NG'),
(265, '3539018713361232', 'Bartholomeo', 'NO'),
(266, '3578285621991275', 'Doris', 'BY'),
(267, '6763283886936772422', 'Florette', 'ID'),
(268, '30573151984622', 'Yetty', 'SE'),
(269, '3536404811752816', 'Adelbert', 'CN'),
(270, '5108757930794040', 'Scountrytt', 'IR'),
(271, '4041598451915405', 'Celestina', 'CN'),
(272, '5602233697534756', 'Craggy', 'NG'),
(273, '675964027020861387', 'Carlye', 'JP'),
(274, '5199769305586190', 'Gloriane', 'RU'),
(275, '3541726921560207', 'Rubia', 'RU'),
(276, '4623269762758', 'Gwyneth', 'PH'),
(277, '3558540426249459', 'Judon', 'ID'),
(278, '5494517867394236', 'Frannie', 'RU'),
(279, '5100139163955929', 'Morgun', 'PT'),
(280, '3557593085528789', 'Kellen', 'CN'),
(281, '3561954729519655', 'Orion', 'EE'),
(282, '4917293937785058', 'Maryann', 'MA'),
(283, '4175005389917626', 'Bren', 'FR'),
(284, '5602245233762337', 'Reube', 'PE'),
(285, '4905508907443082994', 'Ulrika', 'PH'),
(286, '348406096911839', 'Maurise', 'SE'),
(287, '5048371080742396', 'Barny', 'ID'),
(288, '561018991886288720', 'Wally', 'PL'),
(289, '3587692391617486', 'Rollo', 'CN'),
(290, '201729763247765', 'Keenan', 'BG'),
(291, '4903181713871547', 'Bastian', 'PT'),
(292, '5018628111635089', 'Rikki', 'TH'),
(293, '5100137514464831', 'Fay', 'CN'),
(294, '6334897444979036', 'Jeremie', 'AM'),
(295, '3584574459367696', 'Arnoldo', 'PL'),
(296, '348853544580445', 'Amandy', 'PH'),
(297, '5106305350347493', 'Tomi', 'VE'),
(298, '5602249245692995', 'Lemar', 'CN'),
(299, '3575420459686001', 'Myranda', 'SI'),
(300, '6771250205807193075', 'Romain', 'CN'),
(301, '5567614194058626', 'Haven', 'HR'),
(302, '5100178594995401', 'Barbabra', 'CN'),
(303, '6767820976418763246', 'Muffin', 'ID'),
(304, '345157892291974', 'Nikki', 'US'),
(305, '5482720447445999', 'Dallas', 'CN'),
(306, '3579201114685059', 'Lorie', 'PT'),
(307, '5425348508320453', 'Masha', 'US'),
(308, '5007665206073910', 'Naoma', 'RU'),
(309, '3569513157787929', 'Jere', 'CN'),
(310, '5510091435345781', 'Fonsie', 'SE'),
(311, '3536824378193544', 'Cristen', 'RU'),
(312, '5311525655299781', 'Dougie', 'CL'),
(313, '56022489650249643', 'Reece', 'PE'),
(314, '5010123200469259', 'Mal', 'ZW'),
(315, '3540801195786902', 'Gibb', 'ID'),
(316, '491193647190142634', 'Tomas', 'ID'),
(317, '5641828934487432847', 'Josias', 'PH'),
(318, '201474347086831', 'Humfried', 'CN'),
(319, '3570974191176353', 'Elsie', 'JP'),
(320, '3559487350965594', 'Bronnie', 'CN'),
(321, '58937975321815358', 'Jori', 'US'),
(322, '493623158418554721', 'Cristi', 'CN'),
(323, '6394597444142638', 'Dickie', 'CA'),
(324, '5007667750098129', 'Selby', 'RU'),
(325, '3535158505245278', 'Lauritz', 'PE'),
(326, '3563236253072469', 'Moishe', 'NG'),
(327, '493668675799407449', 'Sada', 'GB'),
(328, '4405646417364430', 'Wyndham', 'NL'),
(329, '3562675252925758', 'Beret', 'AF'),
(330, '490356393287714671', 'Martha', 'EG'),
(331, '201929401221640', 'Nellie', 'FR'),
(332, '3530494863788111', 'Giraud', 'NG'),
(333, '5002359930000374', 'Atlanta', 'AR'),
(334, '5149379113762669', 'Adria', 'SE'),
(335, '201784731002479', 'Mattie', 'ID'),
(336, '0604547042538276594', 'Nanete', 'CZ'),
(337, '3567623483365894', 'Madeline', 'ID'),
(338, '5602211495691051', 'Vincent', 'ID'),
(339, '3565676353225137', 'Max', 'CZ'),
(340, '5298776578732344', 'Aurthur', 'UA'),
(341, '3579525697842236', 'Emmet', 'NP'),
(342, '6375029785426076', 'Siffre', 'US'),
(343, '30316279784833', 'Natka', 'FI'),
(344, '3575119893009560', 'Tyson', 'RU'),
(345, '5100148040584893', 'Hillie', 'RU'),
(346, '3554379710638836', 'Eadie', 'FR'),
(347, '337941375132361', 'Lindi', 'CN'),
(348, '3536195762757776', 'Loydie', 'EE'),
(349, '3556085717536810', 'Hugibert', 'CN'),
(350, '5108751195961873', 'Loretta', 'RU'),
(351, '30414704425286', 'Rosalie', 'NG'),
(352, '5018010223757228', 'Gilbertine', 'CN'),
(353, '3538972485831171', 'Elli', 'PL'),
(354, '560224064505811231', 'Estel', 'LK'),
(355, '3562661091776651', 'Garey', 'BR'),
(356, '3528870172793567', 'Merlina', 'ID'),
(357, '3578928947246912', 'Mollie', 'CN'),
(358, '3562223478157680', 'Gwenny', 'PT'),
(359, '3548357219117279', 'Matthieu', 'SE'),
(360, '3581130088079948', 'Harmonie', 'KM'),
(361, '3543653142513617', 'Cristabel', 'DO'),
(362, '3555978957836943', 'Rosamond', 'CN'),
(363, '5357123817999145', 'Vicki', 'CN'),
(364, '374622130885006', 'Dehlia', 'EG'),
(365, '5002350541622375', 'Avivah', 'CN'),
(366, '201672002646274', 'Orazio', 'NI'),
(367, '201915916486455', 'Parker', 'CN'),
(368, '3544273883333650', 'Henka', 'UG'),
(369, '3565086254572779', 'Ranna', 'JP'),
(370, '5602250097100632', 'Jaquelyn', 'FI'),
(371, '3578256497556765', 'Piper', 'UA'),
(372, '3538676344426871', 'Maureene', 'AR'),
(373, '3583663140415260', 'Ragnar', 'KR'),
(374, '3552090960331657', 'Roger', 'CN'),
(375, '30216079598658', 'Theda', 'CN'),
(376, '5602223038254180', 'Cicily', 'co'),
(377, '4903339519486903158', 'Audi', 'FR'),
(378, '3538738119275170', 'Glyn', 'RS'),
(379, '4917534763304534', 'Sampson', 'PL'),
(380, '6397531890754528', 'Hartwell', 'PH'),
(381, '201563085723108', 'Lenette', 'SN'),
(382, '5002359784833920', 'Gaylord', 'AZ'),
(383, '3563928280986188', 'Carmel', 'HR'),
(384, '5048377358201353', 'Teriann', 'PL'),
(385, '3563291693375808', 'Durand', 'KG'),
(386, '374622010731551', 'Pebrook', 'ID'),
(387, '3570363580885909', 'Lynnette', 'GQ'),
(388, '633110262482451573', 'Bram', 'PL'),
(389, '5602228998016628', 'Maxy', 'RU'),
(390, '3580132526492767', 'Saxon', 'DO'),
(391, '5602254226996191', 'Carver', 'CN'),
(392, '374283514701770', 'Ginevra', 'LY'),
(393, '3543766258377799', 'Louella', 'ID'),
(394, '4041377729783220', 'Ginnie', 'ID'),
(395, '677109266710504640', 'Felix', 'PE'),
(396, '3538651725785419', 'Odelle', 'ID'),
(397, '677153256776876854', 'Kaleb', 'CN'),
(398, '4913117528113996', 'Ulrika', 'CY'),
(399, '3562589793282456', 'Chad', 'PE'),
(400, '3566504130974125', 'Rycca', 'US'),
(401, '3569506982321856', 'Falito', 'ID'),
(402, '3589379200003417', 'Meyer', 'CZ'),
(403, '6763643552160669198', 'Liesa', 'FR'),
(404, '3550639464389785', 'Ber', 'RU'),
(405, '4936715014556181', 'Rollin', 'PL'),
(406, '5163980208801162', 'Ermin', 'PE'),
(407, '5641823914369177', 'Harrison', 'FR'),
(408, '3542403345197151', 'Brant', 'CN'),
(409, '6767480292918519117', 'Malvin', 'MY'),
(410, '6762748978491644', 'Maryjo', 'TZ'),
(411, '374622192264116', 'Delcine', 'HN'),
(412, '36409914755468', 'Skylar', 'FR'),
(413, '3565520330516426', 'Cari', 'CZ'),
(414, '374283080673544', 'Jerri', 'TZ'),
(415, '3581680987613817', 'Brewer', 'FR'),
(416, '3583345913002166', 'Marleah', 'RU'),
(417, '6763083858309511', 'Dwain', 'RU'),
(418, '5010127748592084', 'Gaye', 'NL'),
(419, '5007661935136953', 'Aile', 'AF'),
(420, '5018312048691305', 'Claiborn', 'MK'),
(421, '372301804503219', 'Luz', 'KZ'),
(422, '3570672315682013', 'Steffane', 'CN'),
(423, '6331105847556994', 'Clerkclaude', 'RU'),
(424, '5458249106140477', 'countryry', 'VE'),
(425, '30127004897117', 'Arda', 'PL'),
(426, '30272941985490', 'Ansel', 'NZ'),
(427, '3570912923069504', 'Heath', 'ID'),
(428, '30431646288382', 'Melinda', 'PH'),
(429, '67592886270432615', 'Junia', 'MG'),
(430, '3583966358160639', 'Job', 'FR'),
(431, '36397678500966', 'Cam', 'FR'),
(432, '346282808319070', 'Noll', 'UA'),
(433, '3536962707848782', 'Karola', 'PL'),
(434, '201534562999453', 'Shaina', 'NI'),
(435, '3567962844748046', 'Claudine', 'ZA'),
(436, '3562905803685456', 'Melamie', 'BA'),
(437, '5490767162008072', 'Mercedes', 'PE'),
(438, '67590665085216203', 'Barty', 'CN'),
(439, '3566259085979252', 'King', 'TZ'),
(440, '6370039039924862', 'Abbot', 'ID'),
(441, '3534280123751700', 'Klement', 'CN'),
(442, '3589891958517273', 'Jennica', 'co'),
(443, '201815460006099', 'Abigael', 'UA'),
(444, '3533853076846585', 'Berkie', 'SE'),
(445, '5100140731392090', 'Shep', 'KZ'),
(446, '3572889001403615', 'Elysha', 'CN'),
(447, '201676600311462', 'Alwin', 'ID'),
(448, '5893023721434686181', 'Denys', 'NO'),
(449, '5354124388294588', 'Pennie', 'CN'),
(450, '3587133682311240', 'Chelsy', 'ID'),
(451, '6378841446639914', 'Brigit', 'ID'),
(452, '3529560867694951', 'Yul', 'CN'),
(453, '5100134523202369', 'Emmerich', 'IR'),
(454, '5568994007761049', 'Kellsie', 'JO'),
(455, '6331103532007144778', 'Shana', 'UG'),
(456, '4844770710351628', 'Angelina', 'AO'),
(457, '6304559085426225161', 'Flor', 'CN'),
(458, '3588089195240608', 'Guillema', 'PT'),
(459, '3583629054405423', 'Lorrie', 'RU'),
(460, '3560733621181728', 'Livvyy', 'ID'),
(461, '3561342232384504', 'countryrny', 'LV'),
(462, '337941840054109', 'Belvia', 'IR'),
(463, '56022575502088880', 'Bethanne', 'PH'),
(464, '0604815868489133540', 'Stearn', 'TH'),
(465, '3548697260887563', 'Patrizius', 'LT'),
(466, '63047468875732135', 'Salem', 'RU'),
(467, '060459688940461744', 'Bobina', 'CN'),
(468, '4913301085383149', 'Alanson', 'AR'),
(469, '5309712329466640', 'Galven', 'IR'),
(470, '4903226456762402934', 'Leilah', 'ZA'),
(471, '3574402184002754', 'Rhoda', 'CN'),
(472, '3537227121058999', 'Kary', 'ID'),
(473, '3574363023762794', 'Austin', 'CN'),
(474, '3561780784452122', 'Bendicty', 'TN'),
(475, '6762945963727871', 'Harmonia', 'PH'),
(476, '5602244180824216', 'Irita', 'PE'),
(477, '201540955922473', 'Nathaniel', 'ES'),
(478, '30315452114370', 'Valida', 'UA'),
(479, '3552924257945292', 'Myrtie', 'AF'),
(480, '6759320786769712425', 'Winny', 'CU'),
(481, '6331104163034583942', 'Clevie', 'SV'),
(482, '3563311933558607', 'Buckie', 'co'),
(483, '3567051964189213', 'Joceline', 'US'),
(484, '5100142507260808', 'Dael', 'UA'),
(485, '3575474017327863', 'Sallyanne', 'CN'),
(486, '5602246656789393', 'Paulo', 'BY'),
(487, '4844214635301459', 'Asia', 'CN'),
(488, '4405704089696306', 'Felicity', 'CN'),
(489, '4508449284357520', 'Berk', 'FR'),
(490, '3550044191563341', 'Frances', 'PH'),
(491, '6304336395093033982', 'Barbabas', 'RU'),
(492, '67716743205631129', 'Eugenie', 'AR'),
(493, '3563031193363239', 'countryurtney', 'RS'),
(494, '5449677371484828', 'Guy', 'AR'),
(495, '3581173692115419', 'Padget', 'ID'),
(496, '503898586078703481', 'Katuscha', 'PL'),
(497, '3563745632455716', 'Vinnie', 'CN'),
(498, '3546826117744675', 'Rodney', 'PT'),
(499, '5100145252734570', 'Marcella', 'CN'),
(500, '3553930759343216', 'Dani', 'PK'),
(501, '3581505324008381', 'Saidee', 'PE'),
(502, '3539216075727715', 'Dody', 'LY'),
(503, '3536729490717635', 'Nathanil', 'ID'),
(504, '3585372129601225', 'Vallie', 'IL'),
(505, '30592600614184', 'Gabie', 'GR'),
(506, '201807713707326', 'Aurie', 'KZ'),
(507, '372301904709765', 'Bill', 'ID'),
(508, '3558478607074901', 'Devlen', 'FR'),
(509, '5602255624237518', 'Mariam', 'KZ'),
(510, '3561392017605359', 'Elisha', 'BR'),
(511, '3539638473922939', 'Kris', 'JP'),
(512, '5100146342076089', 'Eryn', 'PE'),
(513, '6762963447107065', 'Myrvyn', 'CZ'),
(514, '5038854551617637180', 'Boyce', 'JP'),
(515, '6709436122378548966', 'Hetty', 'PT'),
(516, '3543931066578240', 'Shelby', 'ID'),
(517, '5602253442650095', 'Trstram', 'UA'),
(518, '633110926106479810', 'Winne', 'RU'),
(519, '3548833937568795', 'Valentijn', 'ID'),
(520, '201473242776280', 'Josee', 'CN'),
(521, '5007660340565160', 'Prince', 'PT'),
(522, '3567593276575738', 'Gayler', 'PT'),
(523, '374283825536865', 'Helga', 'SI'),
(524, '5164488285012132', 'Tobi', 'MY'),
(525, '3533100816230997', 'Willetta', 'PH'),
(526, '3543238581893231', 'Patti', 'CN'),
(527, '3559261249604437', 'Rici', 'JO'),
(528, '3576918907703277', 'Gilberto', 'CA'),
(529, '4041592954416136', 'Noreen', 'CA'),
(530, '4041379677115', 'Alvera', 'JP'),
(531, '3558612980656724', 'Alvina', 'RU'),
(532, '30180835920137', 'Inigo', 'CN'),
(533, '633339423588640304', 'Madelene', 'PL'),
(534, '6334638406907753236', 'Cullin', 'co'),
(535, '3541783402323639', 'Farlie', 'NG'),
(536, '50205638937040561', 'Gordon', 'PH'),
(537, '5100137778927135', 'Pat', 'CN'),
(538, '5002358853971579', 'Lorrie', 'ID'),
(539, '3540785639419032', 'Pietro', 'CN'),
(540, '56022394848663921', 'Lauretta', 'RU'),
(541, '3528921966258901', 'Lynett', 'CN'),
(542, '3537563490339176', 'Leroi', 'IQ'),
(543, '3577777977063064', 'Helyn', 'CN'),
(544, '67635986504429491', 'Randy', 'AR'),
(545, '346729376978844', 'Wandie', 'ID'),
(546, '3583787155456248', 'Ode', 'SE'),
(547, '3529604182066212', 'Farrah', 'FR'),
(548, '5048379864275657', 'Rainer', 'CA'),
(549, '30366464735090', 'Gertrudis', 'TZ'),
(550, '6304933092645755', 'Susanetta', 'PE'),
(551, '6706434168039452724', 'Maison', 'CN'),
(552, '6333629680112316434', 'Clarice', 'SE'),
(553, '3577795962329001', 'Miguelita', 'DO'),
(554, '30514876287602', 'Godfry', 'ID'),
(555, '6378173768537884', 'Lemuel', 'CN'),
(556, '3581372770896698', 'Nerissa', 'CN'),
(557, '30193315382165', 'Brett', 'ID'),
(558, '3531535003176622', 'Marielle', 'co'),
(559, '3562261462639883', 'Carmita', 'BR'),
(560, '6706479749529071409', 'Dorena', 'CN'),
(561, '501850300180843775', 'Emmalynne', 'PT'),
(562, '3534897691639874', 'Alastair', 'BR'),
(563, '5641823456969682538', 'Herold', 'CN'),
(564, '3531786270023563', 'Aleen', 'RU'),
(565, '6709304349924628', 'Kincaid', 'US'),
(566, '3554568461951915', 'Shane', 'PH'),
(567, '5602214942662204', 'countrydie', 'AF'),
(568, '5581660591330615', 'Molly', 'ID'),
(569, '5327283745987047', 'Lonny', 'MX'),
(570, '3534383045087128', 'Spence', 'HN'),
(571, '5164071811986753', 'Riki', 'CN'),
(572, '5599032552334830', 'Deina', 'CN'),
(573, '373598595549322', 'Eddie', 'PT'),
(574, '3570977480960577', 'Benedikta', 'HT'),
(575, '6394809509697079', 'Cherin', 'NG'),
(576, '060472760163937172', 'countrynney', 'PH'),
(577, '201954062755090', 'Frieda', 'BR'),
(578, '3553244830466024', 'Dasha', 'UZ'),
(579, '56105696511112865', 'countrynant', 'VE'),
(580, '30257614530442', 'Sena', 'US'),
(581, '5412686717854563', 'Derk', 'CN'),
(582, '3587387047150335', 'Norris', 'FR'),
(583, '67717938751877428', 'Alicea', 'CA'),
(584, '201506251025568', 'Leeanne', 'MA'),
(585, '4582853937251', 'Mehetabel', 'UA'),
(586, '3532949252316897', 'Manuel', 'CN'),
(587, '6767945764587681724', 'Kilian', 'KR'),
(588, '3530667467757059', 'Dena', 'GT'),
(589, '3545307609983890', 'Blythe', 'MY'),
(590, '36129670687347', 'Barth', 'KZ'),
(591, '3587537954931628', 'Emmalyn', 'MK'),
(592, '5602232950752006', 'Elene', 'SE'),
(593, '5038810574278815', 'Lena', 'PT'),
(594, '3535722598205141', 'Lillis', 'PE'),
(595, '3561510763999664', 'Ansell', 'PH'),
(596, '201496110588453', 'Terry', 'MX'),
(597, '30342104352562', 'Alysa', 'IE'),
(598, '3574914640275972', 'Luelle', 'co'),
(599, '3530581981338967', 'Brittan', 'AR'),
(600, '564182761176690222', 'Harman', 'PT'),
(601, '4041373689169765', 'Theresita', 'ID'),
(602, '3546345312069853', 'Fulton', 'PE'),
(603, '5520535394727239', 'Daria', 'VE'),
(604, '3574234812244635', 'Georges', 'ID'),
(605, '3568173748170456', 'Jose', 'FI'),
(606, '5314815183807776', 'Cullie', 'PE'),
(607, '3529215675240402', 'Brandise', 'CA'),
(608, '3536679754999454', 'Desirae', 'PT'),
(609, '4041592719355', 'Whitman', 'DO'),
(610, '3570807054915337', 'Jens', 'BR'),
(611, '374288315496819', 'Chloette', 'AF'),
(612, '3528472700111121', 'Phylis', 'CN'),
(613, '564182327967933179', 'Lenci', 'RS'),
(614, '4175005175054881', 'Babette', 'CN'),
(615, '5610251009450016', 'Wendeline', 'AM'),
(616, '4913467601301038', 'Timothea', 'ID'),
(617, '6763388070440827220', 'Doris', 'ID'),
(618, '201522740316484', 'Stephan', 'ID'),
(619, '3589309872503667', 'Timmy', 'CN'),
(620, '560223382594410694', 'Chickie', 'GR'),
(621, '36726065873760', 'Wilt', 'IL'),
(622, '30598894104857', 'Pollyanna', 'FR'),
(623, '4017959769668823', 'Dewie', 'ID'),
(624, '3534577465247472', 'Joan', 'ID'),
(625, '201976456479698', 'Randy', 'CN'),
(626, '3552340433306228', 'Joshua', 'MN'),
(627, '3557073417861083', 'Arabella', 'NL'),
(628, '3547628478994470', 'Craggie', 'IE'),
(629, '5100172563135057', 'Lotte', 'CN'),
(630, '374622574043096', 'Karly', 'CN'),
(631, '3570809683436115', 'Elle', 'PT'),
(632, '201583877642167', 'Jojo', 'SE'),
(633, '67593212783148946', 'Curr', 'BZ'),
(634, '491162235935054343', 'Anthony', 'SY'),
(635, '4911752883281035561', 'Bernelle', 'ID'),
(636, '3536342177506006', 'Ysabel', 'PH'),
(637, '3532038137590932', 'Jonathan', 'CN'),
(638, '372301731688562', 'Gar', 'YE'),
(639, '3582656224630300', 'Tyrus', 'SE'),
(640, '3578867753083060', 'Petra', 'AL'),
(641, '589386846128864800', 'Kerri', 'CN'),
(642, '30451425891032', 'Jdavie', 'EG'),
(643, '6709755505483563347', 'Kleon', 'GT'),
(644, '5100144204658557', 'Isadora', 'JP'),
(645, '3530491356088587', 'Hulda', 'ID'),
(646, '50203521400424375', 'Irv', 'PT'),
(647, '5641821702543397016', 'Tori', 'co'),
(648, '3571284052135731', 'Roger', 'SE'),
(649, '3587918065976837', 'Pall', 'US'),
(650, '6370837672148453', 'Gilli', 'RU'),
(651, '5364504387954019', 'Cecelia', 'CZ'),
(652, '63045604260093145', 'Hans', 'PL'),
(653, '30116189957325', 'Huntington', 'PF'),
(654, '3546874483522291', 'Flossi', 'RU'),
(655, '3572461428786848', 'Gardy', 'YE'),
(656, '3552402898229665', 'Johanna', 'CN'),
(657, '5007668910518550', 'Nanine', 'PL'),
(658, '5610835762892198', 'Tarrance', 'MN'),
(659, '3557520111613822', 'Johan', 'CZ'),
(660, '3556257866144684', 'Natty', 'CN'),
(661, '3570558135336692', 'Tootsie', 'BR'),
(662, '490502658371158701', 'Trevar', 'CN'),
(663, '50180393502593532', 'Roanne', 'CN'),
(664, '6759974397644648', 'Loise', 'ID'),
(665, '5535362967598068', 'Helyn', 'ID'),
(666, '3579798480500374', 'Fred', 'RU'),
(667, '4917600675008586', 'Brendon', 'CN'),
(668, '3533127171364160', 'Reider', 'FR'),
(669, '4017954539374604', 'Alica', 'AU'),
(670, '346236718495784', 'Agnesse', 'CZ'),
(671, '3559910823926539', 'Noella', 'PH'),
(672, '3548932800974294', 'Garrett', 'ID'),
(673, '3578942950134550', 'Teddy', 'CN'),
(674, '6334630541446157', 'Sorcha', 'CN'),
(675, '3530305932617489', 'Ingaborg', 'RU'),
(676, '6762328907073654', 'Aloysius', 'CN'),
(677, '5367181332377674', 'Ardene', 'BR'),
(678, '5100141446950123', 'Salmon', 'RU'),
(679, '6767879205338186', 'Vannie', 'UA'),
(680, '3562573932928591', 'Federica', 'CN'),
(681, '6762263465289856409', 'Torey', 'CA'),
(682, '201961620703892', 'Derrik', 'ID'),
(683, '5100149893022734', 'Dorelle', 'NL'),
(684, '3579404012256672', 'Rosie', 'CN'),
(685, '3542954702006526', 'Liv', 'CN'),
(686, '3579460118075937', 'Octavia', 'FR'),
(687, '3561684835982840', 'Ansell', 'CN'),
(688, '3568385169504878', 'Arny', 'PH'),
(689, '50381086544980009', 'Carlos', 'CA'),
(690, '67711978534819863', 'Elyssa', 'VE'),
(691, '4041374949754552', 'Laureen', 'SA'),
(692, '201691223762991', 'Diahann', 'PT'),
(693, '3588792163894575', 'Jacquie', 'BR'),
(694, '5038925444499614268', 'Nolan', 'PK'),
(695, '6381500291997653', 'Bobbye', 'RU'),
(696, '5018999064849686189', 'Arlyn', 'SE'),
(697, '3540845415722940', 'Orville', 'PY'),
(698, '3549746017360454', 'Georgeanne', 'AR'),
(699, '3562200906694203', 'Phylys', 'PH'),
(700, '4041377573415', 'Wilden', 'PH'),
(701, '4913049450944728', 'Rhonda', 'CN'),
(702, '3557965429722098', 'Meghan', 'BD'),
(703, '3537980371000521', 'Camellia', 'ID'),
(704, '560221880975501595', 'Eberhard', 'AR'),
(705, '374288897674106', 'Chaim', 'SE'),
(706, '370287117496559', 'Georges', 'PH'),
(707, '560223911579117963', 'Karlotte', 'IL'),
(708, '3586769979134588', 'Fanny', 'BR'),
(709, '06045108311237411', 'Devin', 'CN'),
(710, '3573361910853156', 'Ramon', 'GR'),
(711, '4508098671500034', 'Alisha', 'US'),
(712, '5602240215888135', 'Husein', 'PY'),
(713, '4508202358210129', 'Gipsy', 'PH'),
(714, '5602213356614396', 'Rhoda', 'KM'),
(715, '3577075196722788', 'Catlee', 'PH'),
(716, '5002352960478644', 'Madelaine', 'PE'),
(717, '5602257276722722', 'Basil', 'EG'),
(718, '4869885162237321', 'Dame', 'NG'),
(719, '4844232230862188', 'Lorry', 'JP'),
(720, '5048373471007199', 'Shell', 'ZA'),
(721, '374288428203763', 'Rafaelia', 'CN'),
(722, '4508496526839237', 'Farleigh', 'CN'),
(723, '3540734298058533', 'Demetrius', 'CN'),
(724, '4405907112740278', 'Babbette', 'PH'),
(725, '6761650016791483', 'Jon', 'GR'),
(726, '3563168335200471', 'Viviene', 'PT'),
(727, '3553532038248172', 'Lambert', 'KE'),
(728, '3583562682148018', 'Karon', 'RU'),
(729, '4041596907530190', 'Jehanna', 'VN'),
(730, '3538201301169321', 'Janaya', 'CN'),
(731, '561052489617577054', 'Catha', 'GH'),
(732, '5641829773993015', 'Gauthier', 'MR'),
(733, '372301634312625', 'Elladine', 'ID'),
(734, '3539981013408013', 'Dulcy', 'CZ'),
(735, '3534118635467730', 'Brooke', 'EE'),
(736, '50185604275513167', 'Ford', 'CN'),
(737, '5108751881597775', 'Pattie', 'TH'),
(738, '3548168482697206', 'Kimberli', 'CN'),
(739, '4936131407121593', 'Jdavie', 'CL'),
(740, '3549919765922110', 'Elinore', 'AZ'),
(741, '201618720622741', 'Gilli', 'RU'),
(742, '5134839639072833', 'Daphene', 'LK'),
(743, '3570487108249122', 'Harlene', 'BW'),
(744, '3538704098672431', 'Katharina', 'UA'),
(745, '676142658730817450', 'Glyn', 'CN'),
(746, '3537292891818758', 'Cassy', 'MG'),
(747, '6767533430324129', 'Sashenka', 'FI'),
(748, '3584021761362650', 'Yancey', 'ID'),
(749, '201468340866116', 'Sayre', 'CN'),
(750, '4017959175056589', 'Silvie', 'GR'),
(751, '4913546958053845', 'Mendie', 'FI'),
(752, '5602239282757025', 'Lanette', 'CZ'),
(753, '3540932416868607', 'Ekaterina', 'SE'),
(754, '3531648130050923', 'Brinn', 'AR'),
(755, '5602212256249113', 'Nadean', 'GB'),
(756, '6709536330571086473', 'Willyt', 'CN'),
(757, '3544593002361898', 'Adena', 'LY'),
(758, '36914676780208', 'Marcelo', 'VE'),
(759, '4508685327548902', 'countryrdey', 'BR'),
(760, '3554727407568510', 'Laural', 'SD'),
(761, '50187296166976120', 'Teador', 'CN'),
(762, '5100136473639011', 'Alexandr', 'CN'),
(763, '3563670145844158', 'Lenka', 'PL'),
(764, '374283686097791', 'Karoly', 'CN'),
(765, '3586263303217426', 'Celinka', 'TH'),
(766, '3545861768689359', 'Austina', 'SN'),
(767, '3537305320377475', 'Goran', 'SE'),
(768, '67062444219547761', 'Tim', 'GR'),
(769, '4917373780299074', 'Martyn', 'CN'),
(770, '3554020447809858', 'Prudi', 'EG'),
(771, '3585600988109678', 'Pet', 'GR'),
(772, '502071038105148372', 'Denney', 'TH'),
(773, '5108753364851802', 'Marcy', 'BR'),
(774, '6372840660390978', 'Rustie', 'KR'),
(775, '3576607570288175', 'Zed', 'MG'),
(776, '3582908907791895', 'Grantham', 'HN'),
(777, '5100132056345142', 'Merrile', 'RU'),
(778, '3565507518467753', 'Simmonds', 'ID'),
(779, '3574070436146800', 'Shantee', 'CA'),
(780, '3543111697373242', 'Larina', 'CN'),
(781, '4405514781261055', 'Roana', 'PG'),
(782, '3576832359141730', 'Lotti', 'GB'),
(783, '5390818138532272', 'Andie', 'CN'),
(784, '5100139982211645', 'Alica', 'CN'),
(785, '4844340961409234', 'Tabatha', 'VN'),
(786, '345751856768330', 'Papageno', 'CN'),
(787, '490308719736659829', 'Emmanuel', 'NI'),
(788, '374283042284422', 'Maryjo', 'PT'),
(789, '36929146334188', 'Issy', 'AR'),
(790, '6759296746496786951', 'Madelaine', 'PL'),
(791, '3529472706220156', 'Antonius', 'PH'),
(792, '3538521069691798', 'Bernadette', 'CN'),
(793, '4911377583288813110', 'Sheffield', 'CN'),
(794, '5610455323277530', 'Ann-marie', 'CN'),
(795, '67063527364932025', 'Zsazsa', 'PH'),
(796, '5002351213932365', 'Hervey', 'CN'),
(797, '3531393558038353', 'Ethelbert', 'CN'),
(798, '3559323041506671', 'Langsdon', 'PE'),
(799, '3529704257692288', 'Orville', 'ID'),
(800, '3555374546513302', 'Rois', 'CN'),
(801, '6304119269362339', 'Katrina', 'AR'),
(802, '5048375379419137', 'Margery', 'CN'),
(803, '3533449744579656', 'Jaquelyn', 'BR'),
(804, '5423905681703441', 'Micheline', 'ID'),
(805, '3564718431168763', 'Antony', 'AL'),
(806, '6331105679725139', 'Georgena', 'CN'),
(807, '3533502855162694', 'Elke', 'CN'),
(808, '670908079056621219', 'Daven', 'CN'),
(809, '3564019756879310', 'Benjamen', 'MK'),
(810, '5002357747714658', 'Livia', 'CN'),
(811, '5018435104644665749', 'Carey', 'CN'),
(812, '3577920058566379', 'Verla', 'NL'),
(813, '6759595961487857160', 'Issy', 'TH'),
(814, '3539470944302750', 'Shirline', 'PT'),
(815, '3585355538216016', 'Mattheus', 'PS'),
(816, '560221264134165990', 'Daune', 'CN'),
(817, '5610312832322046731', 'Rozanne', 'CN'),
(818, '3557641881643052', 'Jervis', 'MX'),
(819, '3589734343880412', 'Orelee', 'CN'),
(820, '5237662060837458', 'Prue', 'PT'),
(821, '4913779996589898', 'Gleda', 'PL'),
(822, '201553269338807', 'Beverlee', 'RU'),
(823, '3577061228531603', 'Chic', 'CM'),
(824, '3553232057944435', 'Monte', 'CN'),
(825, '3582605937378848', 'Theodor', 'CM'),
(826, '3578059455847816', 'Ebony', 'CN'),
(827, '3571438326554065', 'Vivien', 'CN'),
(828, '56022106450911244', 'Karylin', 'CZ'),
(829, '5602228944618360', 'Darlene', 'RU'),
(830, '3531990493742732', 'Erhard', 'CN'),
(831, '374622450793384', 'Yankee', 'GR'),
(832, '3532470592329433', 'Christophe', 'CN'),
(833, '201749492752513', 'Penelopa', 'PH'),
(834, '5641824651672518', 'Jehu', 'PT'),
(835, '3568659991674780', 'Roscountry', 'CN'),
(836, '6387103244988681', 'Hasty', 'PK'),
(837, '3587048653157598', 'Maximilian', 'RU'),
(838, '372301509624500', 'Reid', 'CN'),
(839, '5274429465473733', 'Mersey', 'RU'),
(840, '5602210895087290', 'Terra', 'RU'),
(841, '3538334674957947', 'Ailsun', 'CN'),
(842, '201435665728650', 'Dunn', 'ID'),
(843, '3564129202626155', 'Rowen', 'PA'),
(844, '3576215105726535', 'Tessi', 'ES'),
(845, '5153035937908853', 'Bertine', 'ID'),
(846, '5602250655025098', 'Aimee', 'RU'),
(847, '5610562115678567', 'Cher', 'BR'),
(848, '4175001701747072', 'Lorinda', 'PL'),
(849, '5201250319148968', 'Rolland', 'US'),
(850, '5602254748231945333', 'Gregg', 'PH'),
(851, '3567572660146223', 'Belle', 'MN'),
(852, '4175004846011370', 'Felix', 'FR'),
(853, '5454956531269333', 'Portie', 'MK'),
(854, '374622603342352', 'Susi', 'CN'),
(855, '633403443468764595', 'Kenneth', 'PL'),
(856, '3567773890371389', 'Verge', 'ID'),
(857, '3566621710071716', 'Jarib', 'RU'),
(858, '30062321985974', 'Ruggiero', 'SY'),
(859, '4026751454148099', 'Teodora', 'ID'),
(860, '6331107291304845381', 'June', 'PL'),
(861, '4911050480835272102', 'Barret', 'SE'),
(862, '4405761214591059', 'Anette', 'CN'),
(863, '3551576941790517', 'Simon', 'GE'),
(864, '6331100783225124323', 'Anatole', 'PL'),
(865, '3585664145406369', 'Emyle', 'UA'),
(866, '5100139759464872', 'Dex', 'GB'),
(867, '676154216764425362', 'Ardelle', 'AR'),
(868, '4936441793094134', 'Mendie', 'VN'),
(869, '3531877546996987', 'Giustino', 'BY'),
(870, '337941255025305', 'Leland', 'ID'),
(871, '5602252646187382570', 'Lee', 'AR'),
(872, '3571070835212420', 'Marcella', 'CN'),
(873, '3586027823179717', 'Langsdon', 'CN'),
(874, '4026915313753650', 'Hillier', 'ID'),
(875, '30036401877624', 'Nona', 'YE'),
(876, '5602226732326220', 'Murielle', 'VN'),
(877, '560221894290424086', 'Anabella', 'ID'),
(878, '30242391768233', 'Clementius', 'BR'),
(879, '3529420804788616', 'Klarrisa', 'MX'),
(880, '5169052671289681', 'Bertram', 'CN'),
(881, '5641822668092309414', 'Samuel', 'PT'),
(882, '3530107683122788', 'Annmarie', 'CN'),
(883, '4175002566902562', 'Blake', 'MX'),
(884, '3588574395213331', 'Sloan', 'HN'),
(885, '3584045340832115', 'Darryl', 'CN'),
(886, '3584343272240120', 'Demeter', 'GB'),
(887, '5331290078207590', 'Ximenes', 'MX'),
(888, '67633040871663720', 'Mord', 'US'),
(889, '374283729917682', 'Timmie', 'ID'),
(890, '3545447171354144', 'Lewie', 'ID'),
(891, '3534829768882632', 'Zared', 'ID'),
(892, '201444988809007', 'Wyndham', 'PL'),
(893, '3557042435234839', 'Rachele', 'US'),
(894, '3564667156052431', 'Esdras', 'RU'),
(895, '6333405947021888385', 'Ardyth', 'ID'),
(896, '3553378418497132', 'Derrik', 'PA'),
(897, '3538809823946263', 'Lockwood', 'ID'),
(898, '3533298705044139', 'Claudie', 'ID'),
(899, '201934571873378', 'Shelbi', 'CZ'),
(900, '5602213361431676987', 'Heywood', 'CN'),
(901, '3565078203427031', 'Jacinda', 'PH'),
(902, '58932014932819107', 'Humbert', 'ID'),
(903, '5602253989009143', 'Caria', 'LU'),
(904, '4844581911666148', 'Salli', 'RS'),
(905, '5610972488463184', 'Natalina', 'PL'),
(906, '502069751464008094', 'Ami', 'PF'),
(907, '201566081047489', 'Bellanca', 'ID'),
(908, '67631902561825194', 'Hildegarde', 'JP'),
(909, '67599284480122353', 'Fayre', 'CN'),
(910, '3540118275739242', 'Delilah', 'CD'),
(911, '5108754816118105', 'Carmon', 'SE'),
(912, '5002358640726757', 'Nonie', 'PE'),
(913, '5100145047960373', 'Godfrey', 'CN'),
(914, '491138483533169318', 'Kermit', 'PH'),
(915, '5048378859513114', 'Nanette', 'CN'),
(916, '3549249917723343', 'countrynrad', 'AL'),
(917, '5610196600256587', 'Raphaela', 'CN'),
(918, '3551321921470784', 'Averell', 'VE'),
(919, '374622072766180', 'Marty', 'PH'),
(920, '3553261710588586', 'Garrot', 'ID'),
(921, '3540637812092104', 'Gradey', 'BR'),
(922, '5610741853414191', 'Elfie', 'CN'),
(923, '3567765093404504', 'Lory', 'RU'),
(924, '3539974698337649', 'Willem', 'PL'),
(925, '3558746907415085', 'Carlye', 'ID'),
(926, '374622500736391', 'Tessy', 'BR'),
(927, '4936664152263699', 'Martie', 'BD'),
(928, '3576557131365154', 'Michaela', 'BD'),
(929, '5161300527040206', 'Claudina', 'US'),
(930, '4917269885889845', 'Adriano', 'BR'),
(931, '5641825983046879199', 'Georgine', 'GR'),
(932, '3581446435886110', 'Cissy', 'CN'),
(933, '5133085274068329', 'Hilario', 'SE'),
(934, '3578160081051102', 'Diannne', 'PT'),
(935, '374288606554508', 'Farris', 'PH'),
(936, '30487230207691', 'Adelina', 'co'),
(937, '3582545211391457', 'Martita', 'AM'),
(938, '3584632371925403', 'Muriel', 'MX'),
(939, '6392507969334231', 'Jilleen', 'PH'),
(940, '4917523234060015', 'Eloisa', 'CN'),
(941, '3529244858610009', 'Lauraine', 'CN'),
(942, '3546810287573569', 'Engelbert', 'EG'),
(943, '201647825711455', 'Alasdair', 'ID'),
(944, '5641828789364338115', 'Janna', 'CA'),
(945, '3538427110408275', 'Sibyl', 'PK'),
(946, '6394411275659233', 'Michaelina', 'PH'),
(947, '6304992435558810071', 'Mari', 'ID'),
(948, '3573731496150021', 'Aimil', 'ID'),
(949, '3549822161276133', 'Mufi', 'PH'),
(950, '30218574404028', 'Hamid', 'AF'),
(951, '5602214456996949', 'Gabriellia', 'co'),
(952, '3569322692036325', 'Glori', 'FR'),
(953, '3548355871953932', 'Beale', 'PT'),
(954, '3575000385500839', 'Edyth', 'TH'),
(955, '5602227790391502', 'Danette', 'IL'),
(956, '3546398748192898', 'Addi', 'UA'),
(957, '5007664827426425', 'Petra', 'ID'),
(958, '347676137014451', 'Kienan', 'PG'),
(959, '3569497690567883', 'Tades', 'ID'),
(960, '4964868516604192', 'Gradeigh', 'CN'),
(961, '6304854103051314', 'Gianni', 'CZ'),
(962, '3545712389885423', 'Lindi', 'ID'),
(963, '5007662995379475', 'Rafferty', 'ID'),
(964, '6762644725322605364', 'Ham', 'VE'),
(965, '3560501387955712', 'Andree', 'ZA'),
(966, '3585808489121635', 'Ida', 'AX'),
(967, '3564868803326547', 'Flora', 'NI'),
(968, '633300035485327184', 'Catriona', 'CN'),
(969, '6334957196277926982', 'Jenelle', 'CN'),
(970, '5002356152346253', 'Wadsworth', 'CN'),
(971, '5100136693242687', 'Mariana', 'ID'),
(972, '3570009349243456', 'Averil', 'CN'),
(973, '5421637312621666', 'Winnie', 'PE'),
(974, '6394176593718660', 'Caril', 'BR'),
(975, '3584600324667646', 'Sutherland', 'FI'),
(976, '201702708071053', 'Christyna', 'CN'),
(977, '3554167046847969', 'Michelle', 'CN'),
(978, '67712165519581093', 'Montague', 'ID'),
(979, '30041251297352', 'Ginger', 'KH'),
(980, '3546791847701389', 'Stormi', 'BR'),
(981, '3540329791172376', 'Fiann', 'CN'),
(982, '6373769044761696', 'Caressa', 'PT'),
(983, '201804615277334', 'Roana', 'RU'),
(984, '4175005753163310', 'Selestina', 'KP'),
(985, '3577976918298215', 'Belva', 'ID'),
(986, '3587883935327605', 'Stoddard', 'GR'),
(987, '5108757442029612', 'Vita', 'AF'),
(988, '5020419631858100613', 'Elbertine', 'IE'),
(989, '30454745914310', 'Quentin', 'CN'),
(990, '4911241994014983', 'Donn', 'PH'),
(991, '5010127705004545', 'Patty', 'GR'),
(992, '3586527731301055', 'Lidia', 'IE'),
(993, '201897969813480', 'Laurent', 'co'),
(994, '5602258548709182', 'Evangelia', 'SD'),
(995, '3545400173153840', 'Jacquelynn', 'IE'),
(996, '201973740849398', 'Stephine', 'PH'),
(997, '30290100908152', 'Hieronymus', 'CN'),
(998, '58931046849483735', 'Fonsie', 'GN'),
(999, '3553109045280959', 'Laurence', 'RU'),
(1000, '630477683396987548', 'Claudine', 'ID');

-- --------------------------------------------------------

--
-- Estructura de tabla para la tabla `inventory`
--

CREATE TABLE `inventory` (
  `id` bigint(20) NOT NULL,
  `type` enum('input','output') NOT NULL,
  `date` date NOT NULL,
  `amount` int(11) NOT NULL,
  `product_id` bigint(11) NOT NULL
) ENGINE=InnoDB DEFAULT CHARSET=utf8;

--
-- Volcado de datos para la tabla `inventory`
--

INSERT INTO `inventory` (`id`, `type`, `date`, `amount`, `product_id`) VALUES
(1, 'output', '2020-05-16', 24, 791),
(2, 'input', '2019-10-31', 22, 702),
(3, 'output', '2019-12-04', 71, 305),
(4, 'output', '2020-01-06', 72, 952),
(5, 'output', '2019-06-27', 86, 456),
(6, 'input', '2020-03-30', 76, 393),
(7, 'output', '2020-05-25', 19, 489),
(8, 'input', '2019-12-22', 6, 985),
(9, 'output', '2020-06-05', 90, 522),
(10, 'input', '2020-03-18', 91, 725),
(11, 'input', '2019-09-21', 56, 396),
(12, 'output', '2019-07-26', 47, 486),
(13, 'input', '2019-11-10', 88, 61),
(14, 'output', '2019-12-11', 97, 936),
(15, 'output', '2019-08-15', 6, 806),
(16, 'output', '2019-12-18', 46, 74),
(17, 'output', '2020-03-22', 97, 20),
(18, 'input', '2020-04-23', 82, 123),
(19, 'input', '2019-09-12', 59, 964),
(20, 'input', '2020-01-03', 13, 936),
(21, 'input', '2019-09-17', 72, 888),
(22, 'input', '2020-04-03', 23, 841),
(23, 'output', '2019-10-18', 57, 163),
(24, 'output', '2019-12-12', 63, 670),
(25, 'output', '2020-04-01', 79, 86),
(26, 'output', '2019-09-29', 83, 712),
(27, 'output', '2020-01-14', 61, 183),
(28, 'output', '2020-01-13', 98, 988),
(29, 'input', '2020-02-21', 26, 121),
(30, 'output', '2020-03-20', 10, 969),
(31, 'output', '2019-10-04', 24, 716),
(32, 'input', '2019-11-09', 71, 458),
(33, 'output', '2020-02-23', 55, 55),
(34, 'input', '2019-09-14', 23, 820),
(35, 'output', '2020-03-13', 13, 156),
(36, 'output', '2020-01-11', 46, 39),
(37, 'output', '2019-07-18', 70, 148),
(38, 'output', '2019-11-07', 74, 891),
(39, 'output', '2019-10-19', 16, 143),
(40, 'output', '2019-08-11', 79, 689),
(41, 'output', '2019-11-14', 38, 15),
(42, 'input', '2019-09-12', 46, 576),
(43, 'input', '2019-09-03', 85, 559),
(44, 'input', '2019-11-02', 39, 361),
(45, 'input', '2019-10-05', 69, 822),
(46, 'output', '2019-06-12', 85, 620),
(47, 'input', '2020-05-30', 77, 487),
(48, 'output', '2019-10-05', 59, 824),
(49, 'output', '2019-12-19', 69, 351),
(50, 'output', '2020-03-09', 82, 519),
(51, 'output', '2019-11-19', 55, 766),
(52, 'output', '2020-02-16', 94, 249),
(53, 'input', '2020-04-10', 35, 498),
(54, 'input', '2019-06-19', 82, 297),
(55, 'input', '2019-06-27', 86, 322),
(56, 'input', '2020-04-17', 5, 789),
(57, 'input', '2020-05-13', 7, 267),
(58, 'output', '2019-07-10', 15, 597),
(59, 'output', '2020-02-18', 96, 873),
(60, 'input', '2020-03-21', 12, 576),
(61, 'output', '2020-04-29', 72, 666),
(62, 'input', '2019-08-12', 56, 378),
(63, 'output', '2019-11-21', 94, 730),
(64, 'input', '2020-02-04', 51, 94),
(65, 'output', '2019-10-31', 14, 827),
(66, 'input', '2020-05-31', 73, 529),
(67, 'input', '2019-12-12', 17, 215),
(68, 'output', '2019-09-18', 39, 252),
(69, 'input', '2019-06-06', 50, 765),
(70, 'output', '2020-05-27', 62, 234),
(71, 'output', '2020-05-30', 70, 461),
(72, 'input', '2020-05-07', 85, 605),
(73, 'input', '2020-03-03', 85, 997),
(74, 'output', '2020-04-28', 73, 515),
(75, 'output', '2020-04-18', 6, 148),
(76, 'input', '2020-02-28', 65, 319),
(77, 'output', '2019-09-16', 88, 959),
(78, 'input', '2020-02-16', 13, 686),
(79, 'input', '2020-05-13', 54, 12),
(80, 'input', '2020-02-05', 78, 537),
(81, 'input', '2019-12-24', 53, 84),
(82, 'input', '2019-11-01', 94, 376),
(83, 'output', '2019-12-23', 4, 862),
(84, 'input', '2019-10-28', 91, 963),
(85, 'input', '2020-03-30', 30, 909),
(86, 'output', '2020-04-14', 65, 743),
(87, 'input', '2019-10-15', 18, 923),
(88, 'input', '2020-05-22', 41, 921),
(89, 'output', '2020-04-13', 34, 553),
(90, 'input', '2019-07-24', 61, 804),
(91, 'output', '2019-07-03', 86, 979),
(92, 'input', '2019-11-10', 61, 534),
(93, 'input', '2020-02-12', 76, 752),
(94, 'output', '2020-03-10', 48, 367),
(95, 'output', '2019-06-13', 4, 745),
(96, 'input', '2019-11-28', 51, 295),
(97, 'input', '2019-06-12', 83, 883),
(98, 'input', '2020-01-02', 67, 772),
(99, 'output', '2019-10-16', 17, 46),
(100, 'output', '2019-12-17', 73, 942),
(101, 'input', '2020-03-11', 50, 210),
(102, 'input', '2019-12-17', 54, 189),
(103, 'input', '2020-02-01', 66, 748),
(104, 'output', '2020-04-14', 52, 745),
(105, 'output', '2019-06-10', 79, 864),
(106, 'output', '2020-01-11', 58, 331),
(107, 'input', '2019-10-24', 91, 333),
(108, 'output', '2020-04-08', 25, 263),
(109, 'output', '2019-07-18', 53, 247),
(110, 'input', '2020-05-27', 38, 763),
(111, 'output', '2020-02-05', 7, 837),
(112, 'input', '2020-06-04', 55, 398),
(113, 'input', '2019-12-28', 47, 750),
(114, 'input', '2020-01-17', 84, 335),
(115, 'output', '2020-03-13', 71, 453),
(116, 'input', '2019-09-16', 98, 546),
(117, 'input', '2019-08-04', 73, 7),
(118, 'output', '2019-11-16', 67, 522),
(119, 'output', '2019-10-29', 65, 990),
(120, 'output', '2019-10-12', 41, 769),
(121, 'input', '2019-07-19', 50, 44),
(122, 'output', '2020-04-04', 60, 269),
(123, 'output', '2020-03-28', 7, 109),
(124, 'output', '2019-11-26', 48, 535),
(125, 'input', '2019-12-14', 89, 963),
(126, 'output', '2020-05-01', 61, 931),
(127, 'output', '2019-12-23', 92, 521),
(128, 'output', '2019-12-16', 31, 112),
(129, 'input', '2019-10-19', 35, 338),
(130, 'input', '2020-04-16', 31, 2),
(131, 'output', '2019-12-10', 58, 768),
(132, 'input', '2019-08-27', 57, 957),
(133, 'output', '2019-11-17', 44, 159),
(134, 'output', '2019-07-12', 74, 544),
(135, 'output', '2019-08-16', 82, 387),
(136, 'output', '2019-11-28', 96, 475),
(137, 'output', '2019-09-21', 9, 726),
(138, 'output', '2020-03-01', 6, 735),
(139, 'output', '2020-03-28', 28, 723),
(140, 'input', '2019-07-20', 98, 297),
(141, 'output', '2020-02-04', 38, 598),
(142, 'input', '2020-04-12', 78, 477),
(143, 'input', '2020-02-12', 72, 585),
(144, 'input', '2019-11-21', 99, 477),
(145, 'input', '2020-02-18', 15, 677),
(146, 'input', '2019-06-24', 23, 546),
(147, 'input', '2020-02-27', 95, 124),
(148, 'output', '2019-09-21', 83, 626),
(149, 'output', '2019-08-02', 66, 670),
(150, 'output', '2020-01-11', 21, 662),
(151, 'input', '2019-09-16', 73, 291),
(152, 'input', '2019-09-29', 56, 187),
(153, 'input', '2020-05-16', 2, 989),
(154, 'output', '2020-02-15', 17, 601),
(155, 'input', '2019-11-04', 38, 924),
(156, 'input', '2019-11-19', 81, 5),
(157, 'input', '2019-10-13', 18, 231),
(158, 'input', '2020-04-24', 5, 219),
(159, 'input', '2020-03-01', 19, 101),
(160, 'input', '2019-09-05', 49, 6),
(161, 'input', '2020-05-17', 60, 613),
(162, 'input', '2020-04-13', 96, 132),
(163, 'input', '2020-01-01', 40, 213),
(164, 'output', '2019-11-07', 99, 535),
(165, 'input', '2020-05-11', 24, 644),
(166, 'output', '2019-09-19', 38, 914),
(167, 'input', '2019-12-28', 52, 647),
(168, 'output', '2019-12-02', 55, 933),
(169, 'input', '2020-02-19', 96, 885),
(170, 'input', '2019-12-14', 54, 684),
(171, 'output', '2020-04-19', 6, 395),
(172, 'input', '2020-04-18', 76, 857),
(173, 'input', '2019-10-20', 49, 755),
(174, 'input', '2019-09-28', 69, 312),
(175, 'input', '2019-10-08', 87, 380),
(176, 'output', '2019-07-31', 77, 611),
(177, 'input', '2019-06-30', 42, 966),
(178, 'input', '2019-11-13', 96, 966),
(179, 'output', '2020-05-10', 37, 383),
(180, 'input', '2019-10-17', 85, 587),
(181, 'input', '2020-05-20', 6, 16),
(182, 'input', '2019-11-12', 83, 939),
(183, 'output', '2019-11-16', 88, 850),
(184, 'input', '2019-10-21', 45, 134),
(185, 'output', '2019-07-26', 8, 411),
(186, 'output', '2020-01-27', 55, 225),
(187, 'input', '2019-06-19', 18, 340),
(188, 'input', '2019-08-05', 34, 354),
(189, 'output', '2020-01-17', 71, 268),
(190, 'output', '2019-07-27', 79, 945),
(191, 'input', '2019-11-15', 95, 285),
(192, 'output', '2019-12-08', 66, 345),
(193, 'output', '2019-11-18', 96, 947),
(194, 'output', '2019-11-14', 68, 994),
(195, 'output', '2019-06-11', 98, 762),
(196, 'input', '2019-07-29', 85, 715),
(197, 'output', '2020-03-24', 52, 56),
(198, 'input', '2020-04-02', 23, 224),
(199, 'output', '2020-04-26', 51, 717),
(200, 'input', '2019-10-27', 2, 145),
(201, 'output', '2020-04-18', 90, 991),
(202, 'input', '2019-06-14', 85, 494),
(203, 'input', '2019-11-29', 54, 277),
(204, 'input', '2020-02-17', 26, 574),
(205, 'output', '2019-08-14', 12, 727),
(206, 'output', '2019-08-23', 90, 909),
(207, 'output', '2020-03-26', 75, 789),
(208, 'output', '2020-03-01', 97, 713),
(209, 'input', '2020-03-18', 11, 827),
(210, 'output', '2020-03-01', 45, 209),
(211, 'output', '2020-04-13', 85, 710),
(212, 'output', '2019-10-14', 70, 112),
(213, 'output', '2019-12-26', 70, 238),
(214, 'input', '2019-12-18', 94, 183),
(215, 'output', '2019-11-07', 15, 465),
(216, 'output', '2020-04-23', 20, 331),
(217, 'output', '2019-12-26', 12, 862),
(218, 'output', '2020-02-09', 59, 843),
(219, 'output', '2019-10-03', 32, 911),
(220, 'input', '2019-10-29', 21, 180),
(221, 'input', '2020-02-20', 32, 383),
(222, 'output', '2020-03-16', 87, 280),
(223, 'output', '2020-05-25', 66, 817),
(224, 'input', '2020-02-06', 12, 965),
(225, 'input', '2019-12-24', 74, 185),
(226, 'output', '2020-03-01', 19, 645),
(227, 'input', '2020-03-31', 15, 719),
(228, 'input', '2019-12-25', 94, 305),
(229, 'input', '2020-05-07', 30, 35),
(230, 'input', '2020-01-05', 43, 536),
(231, 'input', '2019-06-17', 7, 577),
(232, 'output', '2019-09-27', 61, 197),
(233, 'input', '2019-06-15', 10, 868),
(234, 'input', '2020-02-08', 55, 797),
(235, 'output', '2020-04-12', 1, 809),
(236, 'output', '2019-12-09', 23, 80),
(237, 'input', '2019-07-27', 34, 232),
(238, 'input', '2019-08-25', 63, 581),
(239, 'input', '2019-06-17', 12, 486),
(240, 'output', '2020-03-22', 86, 681),
(241, 'input', '2019-09-26', 88, 666),
(242, 'input', '2020-01-25', 95, 307),
(243, 'input', '2020-02-11', 14, 660),
(244, 'output', '2019-11-28', 94, 714),
(245, 'input', '2019-12-01', 40, 472),
(246, 'output', '2020-01-14', 97, 277),
(247, 'output', '2020-03-30', 1, 190),
(248, 'output', '2019-10-07', 48, 189),
(249, 'input', '2020-03-10', 92, 209),
(250, 'input', '2019-09-03', 44, 604),
(251, 'input', '2020-04-21', 89, 938),
(252, 'output', '2019-08-26', 23, 97),
(253, 'input', '2020-02-11', 70, 248),
(254, 'input', '2019-11-09', 75, 105),
(255, 'output', '2020-01-27', 28, 113),
(256, 'output', '2019-07-27', 46, 489),
(257, 'output', '2019-11-08', 51, 853),
(258, 'input', '2019-08-30', 70, 79),
(259, 'output', '2020-03-25', 97, 225),
(260, 'output', '2020-05-25', 10, 894),
(261, 'input', '2019-07-17', 89, 513),
(262, 'input', '2019-10-21', 19, 496),
(263, 'input', '2019-06-25', 36, 77),
(264, 'output', '2020-04-24', 34, 260),
(265, 'output', '2020-04-22', 75, 543),
(266, 'input', '2020-02-26', 62, 173),
(267, 'output', '2019-11-03', 70, 264),
(268, 'input', '2020-01-21', 93, 238),
(269, 'input', '2019-06-30', 55, 112),
(270, 'input', '2019-09-05', 75, 429),
(271, 'input', '2019-07-31', 55, 133),
(272, 'output', '2020-03-16', 86, 739),
(273, 'input', '2019-09-06', 21, 916),
(274, 'output', '2020-01-20', 15, 773),
(275, 'input', '2020-01-14', 58, 9),
(276, 'output', '2020-03-11', 16, 635),
(277, 'output', '2019-11-09', 17, 957),
(278, 'output', '2019-11-08', 11, 585),
(279, 'output', '2020-03-14', 19, 502),
(280, 'input', '2020-02-04', 99, 619),
(281, 'input', '2019-07-05', 84, 468),
(282, 'input', '2020-03-18', 76, 893),
(283, 'input', '2020-02-03', 68, 102),
(284, 'input', '2020-05-10', 76, 44),
(285, 'input', '2019-10-12', 46, 771),
(286, 'output', '2019-06-06', 22, 576),
(287, 'input', '2019-12-21', 97, 315),
(288, 'input', '2020-03-04', 65, 954),
(289, 'input', '2020-01-25', 59, 511),
(290, 'input', '2019-09-17', 25, 399),
(291, 'input', '2019-08-07', 54, 643),
(292, 'output', '2019-10-21', 50, 400),
(293, 'input', '2019-12-18', 8, 644),
(294, 'output', '2020-04-24', 43, 97),
(295, 'output', '2019-09-29', 3, 761),
(296, 'output', '2020-04-13', 5, 809),
(297, 'output', '2019-12-23', 47, 502),
(298, 'input', '2019-08-11', 38, 302),
(299, 'input', '2020-02-27', 89, 175),
(300, 'input', '2019-06-19', 43, 638),
(301, 'input', '2019-07-16', 100, 257),
(302, 'input', '2019-09-20', 58, 781),
(303, 'input', '2020-06-03', 8, 514),
(304, 'input', '2019-10-27', 19, 928),
(305, 'input', '2019-10-31', 21, 354),
(306, 'input', '2020-04-10', 16, 962),
(307, 'input', '2020-04-03', 25, 121),
(308, 'input', '2019-07-13', 34, 728),
(309, 'input', '2019-11-13', 53, 785),
(310, 'output', '2019-10-07', 37, 700),
(311, 'output', '2019-07-24', 60, 827),
(312, 'output', '2020-02-19', 83, 821),
(313, 'output', '2020-04-08', 72, 105),
(314, 'input', '2019-10-01', 38, 252),
(315, 'input', '2019-07-09', 98, 493),
(316, 'output', '2019-10-02', 18, 181),
(317, 'output', '2020-03-23', 5, 401),
(318, 'output', '2019-08-20', 14, 880),
(319, 'input', '2020-02-25', 20, 438),
(320, 'output', '2020-01-16', 37, 422),
(321, 'output', '2019-09-11', 74, 339),
(322, 'input', '2019-06-30', 84, 80),
(323, 'input', '2019-09-25', 6, 690),
(324, 'input', '2019-09-24', 70, 342),
(325, 'input', '2020-02-07', 82, 832),
(326, 'output', '2019-09-19', 47, 800),
(327, 'output', '2020-02-24', 77, 562),
(328, 'output', '2019-11-23', 14, 92),
(329, 'input', '2019-08-24', 68, 118),
(330, 'input', '2020-03-13', 60, 546),
(331, 'input', '2019-09-20', 10, 973),
(332, 'input', '2019-10-21', 66, 287),
(333, 'input', '2020-01-18', 18, 416),
(334, 'input', '2019-12-18', 54, 512),
(335, 'output', '2020-02-12', 4, 398),
(336, 'input', '2019-12-12', 12, 182),
(337, 'output', '2020-01-06', 51, 135),
(338, 'output', '2019-10-16', 23, 381),
(339, 'output', '2020-02-29', 35, 743),
(340, 'output', '2019-08-10', 77, 853),
(341, 'input', '2019-06-20', 4, 883),
(342, 'output', '2020-05-30', 85, 337),
(343, 'input', '2019-09-18', 65, 273),
(344, 'input', '2019-12-03', 56, 967),
(345, 'input', '2020-02-27', 99, 983),
(346, 'output', '2019-11-30', 33, 452),
(347, 'input', '2020-03-31', 8, 851),
(348, 'output', '2019-08-06', 30, 798),
(349, 'output', '2019-11-04', 61, 365),
(350, 'input', '2019-11-08', 7, 579),
(351, 'output', '2020-04-02', 38, 230),
(352, 'input', '2020-01-06', 90, 388),
(353, 'output', '2020-05-28', 97, 155),
(354, 'output', '2020-04-25', 3, 471),
(355, 'output', '2019-07-17', 92, 152),
(356, 'input', '2020-02-09', 87, 498),
(357, 'input', '2020-02-18', 21, 435),
(358, 'output', '2019-06-22', 93, 186),
(359, 'output', '2019-09-17', 94, 431),
(360, 'output', '2019-10-18', 89, 420),
(361, 'input', '2019-11-25', 9, 302),
(362, 'input', '2020-05-14', 56, 819),
(363, 'input', '2019-06-28', 68, 313),
(364, 'input', '2019-12-21', 52, 545),
(365, 'output', '2019-11-09', 99, 976),
(366, 'input', '2019-12-25', 8, 492),
(367, 'output', '2020-05-17', 3, 589),
(368, 'output', '2019-08-21', 2, 756),
(369, 'output', '2019-11-15', 26, 161),
(370, 'input', '2020-04-08', 88, 440),
(371, 'input', '2019-12-24', 27, 821),
(372, 'input', '2019-09-07', 28, 350),
(373, 'output', '2019-12-05', 13, 228),
(374, 'input', '2019-12-23', 64, 639),
(375, 'output', '2020-06-01', 14, 566),
(376, 'output', '2019-07-07', 89, 484),
(377, 'output', '2020-05-06', 71, 422),
(378, 'output', '2020-03-12', 80, 226),
(379, 'output', '2019-07-04', 26, 876),
(380, 'output', '2019-08-01', 27, 145),
(381, 'input', '2020-03-14', 92, 955),
(382, 'output', '2020-04-30', 6, 431),
(383, 'input', '2020-04-14', 74, 24),
(384, 'input', '2019-08-29', 85, 47),
(385, 'input', '2020-03-07', 78, 754),
(386, 'output', '2019-11-23', 9, 86),
(387, 'input', '2019-09-11', 62, 910),
(388, 'output', '2019-10-25', 83, 408),
(389, 'output', '2019-09-16', 44, 942),
(390, 'output', '2019-06-06', 26, 240),
(391, 'output', '2019-07-20', 26, 709),
(392, 'input', '2019-06-29', 46, 955),
(393, 'output', '2019-09-04', 77, 355),
(394, 'output', '2020-06-01', 14, 312),
(395, 'output', '2019-11-20', 37, 320),
(396, 'input', '2020-04-21', 22, 263),
(397, 'input', '2019-08-28', 87, 523),
(398, 'output', '2020-03-28', 63, 689),
(399, 'input', '2019-09-15', 32, 413),
(400, 'input', '2020-05-21', 31, 149),
(401, 'output', '2019-08-24', 31, 930),
(402, 'output', '2019-11-06', 42, 88),
(403, 'input', '2020-05-20', 50, 968),
(404, 'input', '2020-01-24', 85, 542),
(405, 'input', '2020-04-10', 41, 305),
(406, 'input', '2019-06-24', 71, 618),
(407, 'input', '2019-10-29', 30, 416),
(408, 'output', '2019-09-30', 79, 953),
(409, 'input', '2019-10-06', 13, 252),
(410, 'input', '2019-07-18', 70, 231),
(411, 'input', '2020-01-09', 96, 758),
(412, 'output', '2020-05-09', 96, 510),
(413, 'output', '2019-07-13', 57, 766),
(414, 'input', '2019-12-09', 7, 67),
(415, 'output', '2019-09-16', 3, 286),
(416, 'input', '2020-04-20', 34, 726),
(417, 'output', '2019-12-13', 51, 237),
(418, 'output', '2020-03-20', 23, 358),
(419, 'input', '2019-11-27', 86, 286),
(420, 'input', '2019-09-22', 50, 746),
(421, 'output', '2019-08-16', 68, 280),
(422, 'input', '2019-11-17', 75, 446),
(423, 'input', '2020-01-14', 88, 658),
(424, 'input', '2020-02-16', 54, 917),
(425, 'input', '2020-04-07', 44, 227),
(426, 'output', '2019-06-23', 22, 110),
(427, 'input', '2020-04-08', 63, 73),
(428, 'output', '2019-06-12', 56, 897),
(429, 'input', '2019-12-18', 8, 319),
(430, 'output', '2020-01-07', 42, 85),
(431, 'input', '2020-04-21', 95, 656),
(432, 'output', '2020-05-11', 4, 317),
(433, 'input', '2020-04-27', 77, 18),
(434, 'output', '2019-09-01', 57, 210),
(435, 'input', '2019-09-17', 1, 841),
(436, 'output', '2019-11-30', 49, 432),
(437, 'output', '2020-05-16', 64, 969),
(438, 'input', '2019-10-09', 58, 208),
(439, 'input', '2019-12-05', 69, 535),
(440, 'input', '2020-05-14', 79, 823),
(441, 'output', '2020-04-30', 51, 601),
(442, 'output', '2020-04-04', 5, 939),
(443, 'input', '2019-06-22', 48, 321),
(444, 'input', '2020-05-26', 54, 965),
(445, 'output', '2020-01-28', 45, 813),
(446, 'output', '2019-11-14', 79, 635),
(447, 'input', '2019-12-21', 13, 322),
(448, 'output', '2019-08-03', 43, 107),
(449, 'input', '2019-06-13', 31, 199),
(450, 'input', '2019-09-16', 75, 410),
(451, 'input', '2019-07-04', 74, 952),
(452, 'output', '2020-03-19', 72, 611),
(453, 'output', '2019-09-14', 51, 496),
(454, 'output', '2020-02-11', 21, 509),
(455, 'output', '2019-10-17', 33, 863),
(456, 'output', '2019-12-03', 86, 623),
(457, 'input', '2019-06-20', 74, 665),
(458, 'output', '2020-04-06', 80, 208),
(459, 'output', '2020-05-18', 62, 504),
(460, 'input', '2019-07-05', 22, 516),
(461, 'input', '2020-04-22', 43, 601),
(462, 'output', '2020-05-21', 25, 29),
(463, 'output', '2020-05-17', 93, 548),
(464, 'output', '2019-10-31', 82, 679),
(465, 'input', '2020-01-28', 6, 609),
(466, 'input', '2020-04-27', 18, 578),
(467, 'input', '2019-11-09', 29, 756),
(468, 'output', '2020-04-30', 72, 381),
(469, 'output', '2019-06-08', 95, 484),
(470, 'input', '2019-12-15', 54, 271),
(471, 'input', '2019-06-16', 38, 119),
(472, 'input', '2020-05-21', 80, 404),
(473, 'input', '2019-08-02', 88, 582),
(474, 'input', '2019-06-20', 11, 755),
(475, 'output', '2020-02-01', 45, 725),
(476, 'input', '2020-03-05', 30, 169),
(477, 'output', '2020-01-04', 62, 785),
(478, 'output', '2020-01-30', 8, 10),
(479, 'input', '2019-06-16', 76, 708),
(480, 'output', '2020-01-19', 4, 623),
(481, 'output', '2019-11-09', 91, 588),
(482, 'input', '2019-08-01', 92, 216),
(483, 'output', '2019-08-08', 91, 909),
(484, 'output', '2019-06-10', 17, 549),
(485, 'input', '2020-01-20', 26, 768),
(486, 'output', '2019-10-19', 32, 805),
(487, 'output', '2019-11-25', 71, 518),
(488, 'input', '2019-11-15', 85, 163),
(489, 'input', '2019-06-24', 71, 55),
(490, 'input', '2019-12-31', 27, 673),
(491, 'output', '2019-10-28', 57, 757),
(492, 'output', '2020-05-23', 85, 467),
(493, 'input', '2019-09-14', 47, 993),
(494, 'input', '2020-01-07', 95, 472),
(495, 'output', '2019-10-04', 14, 281),
(496, 'input', '2019-09-06', 100, 347),
(497, 'input', '2020-06-05', 7, 287),
(498, 'output', '2020-04-14', 14, 207),
(499, 'input', '2020-04-06', 4, 374),
(500, 'output', '2019-08-31', 24, 916),
(501, 'input', '2019-08-26', 43, 113),
(502, 'output', '2019-10-05', 51, 714),
(503, 'input', '2019-11-19', 97, 675),
(504, 'output', '2020-05-21', 7, 477),
(505, 'input', '2019-11-07', 94, 5),
(506, 'input', '2019-09-30', 48, 58),
(507, 'output', '2020-05-19', 46, 577),
(508, 'output', '2020-02-04', 59, 316),
(509, 'output', '2020-04-14', 56, 998),
(510, 'input', '2019-12-16', 23, 850),
(511, 'output', '2019-11-03', 66, 633),
(512, 'input', '2019-10-02', 41, 254),
(513, 'input', '2019-09-14', 53, 901),
(514, 'input', '2019-09-26', 40, 415),
(515, 'input', '2020-01-06', 69, 236),
(516, 'input', '2019-10-18', 63, 906),
(517, 'input', '2020-03-18', 52, 991),
(518, 'output', '2019-07-30', 26, 15),
(519, 'output', '2019-11-25', 53, 918),
(520, 'output', '2020-04-29', 44, 449),
(521, 'input', '2020-02-25', 27, 334),
(522, 'output', '2019-12-09', 60, 826),
(523, 'output', '2020-01-05', 39, 258),
(524, 'output', '2020-03-13', 29, 20),
(525, 'output', '2019-06-14', 26, 923),
(526, 'output', '2020-02-20', 37, 539),
(527, 'input', '2020-04-04', 43, 956),
(528, 'output', '2020-05-13', 89, 524),
(529, 'input', '2019-08-13', 29, 749),
(530, 'input', '2020-05-05', 21, 487),
(531, 'output', '2020-03-17', 33, 395),
(532, 'input', '2020-01-04', 68, 935),
(533, 'input', '2019-11-26', 55, 996),
(534, 'output', '2019-12-16', 47, 380),
(535, 'output', '2019-06-22', 39, 1000),
(536, 'input', '2019-11-15', 48, 226),
(537, 'output', '2020-03-18', 89, 733),
(538, 'output', '2019-12-21', 73, 598),
(539, 'input', '2020-01-29', 95, 35),
(540, 'output', '2019-11-23', 62, 978),
(541, 'input', '2020-03-18', 92, 949),
(542, 'input', '2019-08-20', 39, 593),
(543, 'input', '2020-02-26', 34, 261),
(544, 'input', '2020-04-27', 53, 921),
(545, 'input', '2020-03-24', 47, 250),
(546, 'output', '2020-04-19', 86, 511),
(547, 'output', '2019-11-28', 64, 766),
(548, 'output', '2019-10-08', 13, 422),
(549, 'output', '2020-02-25', 76, 807),
(550, 'input', '2019-09-25', 15, 436),
(551, 'output', '2020-03-28', 31, 736),
(552, 'input', '2020-04-13', 31, 435),
(553, 'output', '2020-05-03', 32, 224),
(554, 'input', '2020-03-10', 89, 714),
(555, 'input', '2019-11-12', 71, 917),
(556, 'output', '2020-02-28', 66, 669),
(557, 'input', '2019-11-23', 71, 104),
(558, 'input', '2020-04-22', 49, 446),
(559, 'output', '2019-10-08', 60, 841),
(560, 'input', '2019-10-08', 9, 863),
(561, 'output', '2019-09-04', 32, 791),
(562, 'input', '2019-11-24', 24, 54),
(563, 'input', '2019-07-22', 26, 116),
(564, 'input', '2020-02-11', 47, 902),
(565, 'output', '2019-11-13', 89, 529),
(566, 'input', '2019-11-09', 50, 865),
(567, 'input', '2019-09-12', 48, 533),
(568, 'output', '2019-10-09', 62, 782),
(569, 'output', '2019-10-02', 68, 238),
(570, 'output', '2019-10-14', 53, 776),
(571, 'input', '2020-03-29', 90, 772),
(572, 'input', '2019-08-24', 47, 928),
(573, 'input', '2020-01-28', 45, 572),
(574, 'input', '2020-04-09', 81, 375),
(575, 'input', '2019-10-27', 55, 725),
(576, 'output', '2019-08-03', 23, 614),
(577, 'output', '2020-04-18', 54, 675),
(578, 'input', '2019-11-16', 82, 971),
(579, 'input', '2020-05-01', 38, 274),
(580, 'input', '2020-01-01', 31, 136),
(581, 'input', '2019-09-21', 40, 758),
(582, 'output', '2019-11-17', 92, 979),
(583, 'output', '2020-04-14', 46, 74),
(584, 'output', '2019-12-16', 15, 65),
(585, 'output', '2019-09-24', 66, 7),
(586, 'input', '2020-04-12', 3, 37),
(587, 'output', '2020-04-05', 40, 118),
(588, 'output', '2019-09-01', 5, 52),
(589, 'output', '2019-12-13', 90, 326),
(590, 'input', '2019-07-02', 41, 394),
(591, 'input', '2019-07-23', 93, 310),
(592, 'input', '2019-08-12', 9, 520),
(593, 'input', '2019-09-29', 81, 118),
(594, 'output', '2020-06-04', 85, 919),
(595, 'output', '2019-10-16', 64, 919),
(596, 'output', '2020-05-10', 28, 636),
(597, 'output', '2019-08-11', 39, 60),
(598, 'output', '2020-04-02', 29, 267),
(599, 'output', '2020-02-17', 68, 297),
(600, 'output', '2020-06-03', 72, 582),
(601, 'input', '2020-03-16', 31, 262),
(602, 'input', '2019-08-07', 79, 488),
(603, 'input', '2019-11-01', 94, 694),
(604, 'input', '2019-08-01', 27, 123),
(605, 'input', '2020-05-05', 7, 380),
(606, 'input', '2020-04-01', 92, 971),
(607, 'output', '2020-05-02', 24, 393),
(608, 'output', '2019-09-15', 15, 286),
(609, 'input', '2019-07-05', 22, 350),
(610, 'output', '2019-08-21', 43, 64),
(611, 'output', '2019-12-21', 53, 199),
(612, 'input', '2020-04-28', 45, 232),
(613, 'output', '2019-07-04', 3, 848),
(614, 'input', '2019-08-08', 90, 985),
(615, 'input', '2020-06-03', 22, 743),
(616, 'output', '2019-08-04', 51, 268),
(617, 'output', '2019-11-19', 37, 870),
(618, 'output', '2020-05-15', 65, 133),
(619, 'output', '2019-10-06', 17, 827),
(620, 'input', '2019-11-03', 70, 527),
(621, 'input', '2019-07-05', 78, 961),
(622, 'output', '2019-08-30', 58, 727),
(623, 'input', '2019-12-01', 45, 122),
(624, 'input', '2020-01-08', 61, 178),
(625, 'output', '2020-01-22', 57, 362),
(626, 'output', '2020-03-27', 26, 165),
(627, 'input', '2019-06-14', 8, 794),
(628, 'output', '2020-02-08', 7, 954),
(629, 'input', '2019-10-02', 38, 245),
(630, 'output', '2020-02-02', 99, 838),
(631, 'input', '2019-08-28', 57, 57),
(632, 'input', '2020-01-06', 15, 48),
(633, 'input', '2019-12-03', 40, 704),
(634, 'input', '2019-09-09', 9, 791),
(635, 'output', '2020-05-26', 21, 532),
(636, 'output', '2019-12-08', 27, 878),
(637, 'input', '2019-06-06', 48, 193),
(638, 'input', '2020-04-22', 83, 925),
(639, 'output', '2019-11-14', 25, 109),
(640, 'input', '2019-07-17', 81, 195),
(641, 'input', '2020-05-04', 45, 579),
(642, 'output', '2019-06-24', 40, 102),
(643, 'output', '2020-02-05', 79, 6),
(644, 'output', '2019-06-29', 9, 160),
(645, 'output', '2019-08-17', 33, 740),
(646, 'input', '2019-07-02', 61, 741),
(647, 'input', '2020-04-06', 99, 22),
(648, 'input', '2019-12-14', 72, 134),
(649, 'input', '2020-02-23', 96, 437),
(650, 'output', '2020-01-11', 83, 629),
(651, 'input', '2019-12-24', 23, 413),
(652, 'output', '2019-11-17', 73, 321),
(653, 'input', '2019-10-12', 63, 882),
(654, 'output', '2019-10-20', 30, 60),
(655, 'input', '2020-05-30', 64, 320),
(656, 'output', '2020-01-22', 43, 184),
(657, 'output', '2020-05-22', 36, 512),
(658, 'output', '2019-09-29', 21, 376),
(659, 'input', '2020-05-11', 58, 242),
(660, 'input', '2020-04-17', 63, 601),
(661, 'input', '2019-12-05', 59, 75),
(662, 'output', '2020-02-13', 13, 179),
(663, 'output', '2020-05-16', 92, 293),
(664, 'output', '2019-10-01', 6, 168),
(665, 'input', '2020-01-04', 57, 349),
(666, 'input', '2020-01-30', 88, 993),
(667, 'output', '2019-10-21', 11, 492),
(668, 'input', '2019-11-15', 75, 634),
(669, 'output', '2020-02-14', 10, 953),
(670, 'input', '2019-12-06', 57, 411),
(671, 'output', '2020-04-11', 57, 42),
(672, 'input', '2019-06-24', 77, 587),
(673, 'output', '2020-03-09', 20, 12),
(674, 'output', '2019-07-24', 3, 789),
(675, 'output', '2019-07-17', 68, 783),
(676, 'input', '2019-06-13', 64, 11),
(677, 'input', '2019-10-12', 77, 642),
(678, 'output', '2020-05-30', 57, 350),
(679, 'output', '2019-11-18', 26, 862),
(680, 'output', '2020-02-12', 19, 762),
(681, 'input', '2019-09-25', 12, 261),
(682, 'output', '2020-01-10', 11, 293),
(683, 'output', '2020-01-10', 96, 379),
(684, 'input', '2020-02-19', 70, 228),
(685, 'output', '2019-09-10', 40, 9),
(686, 'output', '2019-12-06', 94, 942),
(687, 'output', '2019-06-17', 36, 10),
(688, 'input', '2019-11-16', 20, 629),
(689, 'input', '2019-06-28', 57, 649),
(690, 'input', '2019-06-06', 27, 444),
(691, 'output', '2019-06-13', 39, 207),
(692, 'output', '2019-10-23', 44, 91),
(693, 'output', '2020-03-11', 12, 957),
(694, 'input', '2019-06-07', 88, 745),
(695, 'output', '2020-06-02', 42, 604),
(696, 'input', '2020-03-22', 100, 957),
(697, 'output', '2020-03-13', 50, 995),
(698, 'output', '2019-07-22', 10, 708),
(699, 'input', '2019-12-16', 20, 572),
(700, 'input', '2019-07-16', 94, 26),
(701, 'input', '2019-06-15', 80, 999),
(702, 'output', '2020-01-15', 30, 355),
(703, 'output', '2019-07-07', 56, 714),
(704, 'input', '2019-06-24', 96, 337),
(705, 'output', '2020-05-15', 52, 998),
(706, 'output', '2020-05-02', 65, 632),
(707, 'output', '2020-02-16', 41, 449),
(708, 'output', '2019-09-29', 22, 54),
(709, 'output', '2020-01-30', 98, 939),
(710, 'output', '2019-08-23', 5, 993),
(711, 'input', '2019-07-30', 74, 617),
(712, 'output', '2019-12-01', 34, 413),
(713, 'input', '2019-06-16', 70, 234),
(714, 'input', '2020-02-18', 24, 357),
(715, 'input', '2019-09-09', 39, 261),
(716, 'input', '2019-09-23', 1, 617),
(717, 'output', '2019-08-17', 16, 625),
(718, 'input', '2019-07-19', 83, 539),
(719, 'input', '2020-01-28', 81, 694),
(720, 'output', '2020-01-15', 81, 716),
(721, 'input', '2020-04-18', 40, 932),
(722, 'output', '2020-05-01', 7, 737),
(723, 'output', '2019-08-21', 63, 121),
(724, 'output', '2019-07-11', 59, 46),
(725, 'output', '2019-07-06', 72, 908),
(726, 'output', '2020-01-09', 61, 931),
(727, 'input', '2019-09-23', 12, 863),
(728, 'input', '2020-03-05', 30, 161),
(729, 'output', '2020-03-25', 25, 399),
(730, 'output', '2020-01-30', 14, 403),
(731, 'output', '2019-09-24', 56, 548),
(732, 'output', '2020-05-02', 24, 115),
(733, 'output', '2020-04-11', 57, 848),
(734, 'output', '2019-09-21', 15, 408),
(735, 'output', '2019-08-20', 32, 969),
(736, 'output', '2019-10-26', 89, 774),
(737, 'input', '2020-05-04', 61, 333),
(738, 'output', '2020-02-04', 7, 115),
(739, 'input', '2019-12-28', 89, 917),
(740, 'input', '2020-02-25', 65, 183),
(741, 'output', '2019-07-22', 29, 383),
(742, 'input', '2019-09-23', 23, 696),
(743, 'output', '2019-08-17', 87, 944),
(744, 'input', '2019-12-08', 13, 408),
(745, 'output', '2019-06-21', 3, 838),
(746, 'output', '2019-08-04', 36, 630),
(747, 'output', '2020-04-14', 41, 872),
(748, 'input', '2019-08-10', 68, 202),
(749, 'input', '2020-04-17', 29, 544),
(750, 'output', '2019-11-28', 1, 474),
(751, 'input', '2019-11-14', 94, 575),
(752, 'output', '2020-03-02', 16, 967),
(753, 'input', '2020-02-01', 92, 175),
(754, 'output', '2019-11-25', 86, 917),
(755, 'input', '2020-04-07', 7, 725),
(756, 'input', '2019-11-26', 13, 714),
(757, 'output', '2019-08-23', 37, 74),
(758, 'output', '2020-01-02', 58, 728),
(759, 'input', '2020-04-04', 2, 169),
(760, 'output', '2020-03-26', 19, 188),
(761, 'input', '2020-03-16', 57, 284),
(762, 'output', '2020-04-23', 61, 121),
(763, 'input', '2020-01-01', 49, 166),
(764, 'output', '2020-04-21', 76, 849),
(765, 'output', '2019-09-23', 71, 551),
(766, 'input', '2020-04-21', 96, 960),
(767, 'output', '2019-06-26', 96, 486),
(768, 'output', '2019-10-08', 2, 206),
(769, 'output', '2020-05-28', 60, 11),
(770, 'output', '2019-10-09', 77, 533),
(771, 'input', '2019-10-03', 34, 201),
(772, 'output', '2019-07-25', 81, 494),
(773, 'output', '2019-11-07', 63, 654),
(774, 'input', '2019-08-13', 21, 266),
(775, 'output', '2020-01-13', 44, 632),
(776, 'input', '2019-09-04', 5, 235),
(777, 'output', '2019-11-03', 32, 592),
(778, 'output', '2020-02-13', 71, 890),
(779, 'input', '2020-02-17', 60, 897),
(780, 'output', '2019-10-31', 80, 116),
(781, 'input', '2019-06-14', 57, 678),
(782, 'input', '2020-03-23', 26, 874),
(783, 'input', '2019-09-15', 21, 84),
(784, 'output', '2019-08-27', 79, 17),
(785, 'input', '2020-04-20', 65, 639),
(786, 'input', '2020-05-09', 60, 67),
(787, 'output', '2019-11-13', 32, 156),
(788, 'output', '2020-01-08', 94, 281),
(789, 'output', '2019-10-07', 2, 157),
(790, 'input', '2019-07-09', 66, 714),
(791, 'output', '2019-11-15', 42, 29),
(792, 'output', '2020-04-23', 37, 757),
(793, 'output', '2020-05-22', 31, 927),
(794, 'input', '2019-11-22', 95, 183),
(795, 'output', '2020-03-27', 64, 779),
(796, 'input', '2020-05-07', 10, 208),
(797, 'output', '2019-12-02', 79, 627),
(798, 'output', '2020-01-31', 72, 91),
(799, 'output', '2019-12-27', 39, 436),
(800, 'output', '2020-01-02', 97, 697),
(801, 'output', '2019-10-08', 98, 866),
(802, 'output', '2019-12-08', 65, 515),
(803, 'input', '2019-07-29', 27, 629),
(804, 'input', '2020-04-22', 100, 915),
(805, 'output', '2019-12-15', 48, 584),
(806, 'output', '2020-05-25', 46, 35),
(807, 'output', '2019-07-31', 44, 333),
(808, 'input', '2019-06-22', 52, 54),
(809, 'output', '2019-11-05', 4, 748),
(810, 'input', '2019-10-01', 76, 781),
(811, 'output', '2020-02-25', 55, 119),
(812, 'input', '2019-06-24', 94, 409),
(813, 'output', '2019-10-26', 38, 906),
(814, 'input', '2019-08-04', 68, 418),
(815, 'input', '2020-02-27', 11, 949),
(816, 'input', '2019-06-15', 32, 658),
(817, 'output', '2020-02-21', 22, 812),
(818, 'input', '2019-09-21', 17, 771),
(819, 'input', '2019-11-15', 77, 882),
(820, 'output', '2020-01-08', 26, 580),
(821, 'input', '2019-07-09', 100, 4),
(822, 'input', '2020-02-27', 45, 514),
(823, 'input', '2020-05-20', 12, 649),
(824, 'input', '2019-08-17', 46, 776),
(825, 'input', '2020-04-30', 50, 992),
(826, 'output', '2020-04-30', 98, 260),
(827, 'output', '2019-07-24', 95, 288),
(828, 'input', '2019-10-08', 75, 636),
(829, 'output', '2019-08-26', 1, 806),
(830, 'input', '2019-10-22', 90, 973),
(831, 'input', '2020-03-29', 30, 644),
(832, 'input', '2019-06-26', 87, 541),
(833, 'input', '2019-12-26', 62, 970),
(834, 'input', '2019-11-01', 25, 737),
(835, 'output', '2020-02-13', 17, 189),
(836, 'input', '2019-07-21', 56, 637),
(837, 'output', '2019-09-23', 97, 679),
(838, 'input', '2020-05-09', 92, 125),
(839, 'output', '2019-11-16', 26, 80),
(840, 'input', '2020-03-30', 75, 356),
(841, 'output', '2019-10-07', 35, 144),
(842, 'input', '2020-04-22', 44, 873),
(843, 'input', '2019-10-09', 45, 351),
(844, 'output', '2019-11-14', 51, 991),
(845, 'input', '2019-10-06', 89, 998),
(846, 'input', '2020-04-05', 87, 862),
(847, 'output', '2020-03-23', 83, 592),
(848, 'input', '2020-04-07', 53, 518),
(849, 'output', '2020-03-15', 65, 125),
(850, 'output', '2020-03-19', 37, 642),
(851, 'output', '2019-12-27', 42, 706),
(852, 'input', '2020-04-23', 88, 657),
(853, 'input', '2019-06-15', 29, 949),
(854, 'input', '2020-02-11', 4, 653),
(855, 'input', '2019-12-27', 48, 891),
(856, 'output', '2019-07-27', 66, 895),
(857, 'input', '2020-02-01', 32, 167),
(858, 'output', '2019-07-04', 56, 731),
(859, 'input', '2019-06-11', 80, 768),
(860, 'input', '2019-09-05', 68, 356),
(861, 'input', '2019-07-17', 13, 455),
(862, 'output', '2019-07-22', 58, 166),
(863, 'input', '2019-07-07', 44, 152),
(864, 'output', '2020-05-27', 90, 629),
(865, 'input', '2020-03-25', 66, 607),
(866, 'output', '2019-11-26', 5, 263),
(867, 'output', '2020-03-17', 31, 426),
(868, 'input', '2020-01-26', 73, 194),
(869, 'input', '2020-02-29', 54, 395),
(870, 'input', '2020-01-10', 60, 75),
(871, 'output', '2019-12-09', 8, 283),
(872, 'output', '2019-11-28', 13, 807),
(873, 'output', '2019-11-16', 59, 841),
(874, 'input', '2019-11-19', 87, 19),
(875, 'output', '2020-03-13', 69, 853),
(876, 'input', '2019-09-25', 99, 741),
(877, 'input', '2020-01-25', 89, 792),
(878, 'output', '2019-07-19', 8, 618),
(879, 'input', '2020-06-02', 9, 810),
(880, 'output', '2019-10-27', 22, 220),
(881, 'output', '2019-12-30', 67, 115),
(882, 'output', '2020-02-08', 90, 881),
(883, 'input', '2019-09-22', 43, 553),
(884, 'input', '2019-12-27', 56, 314),
(885, 'input', '2020-01-06', 38, 369),
(886, 'input', '2020-03-14', 22, 715),
(887, 'input', '2019-06-25', 29, 569),
(888, 'input', '2019-08-27', 33, 331),
(889, 'output', '2019-12-18', 85, 381),
(890, 'input', '2019-10-17', 6, 536),
(891, 'input', '2019-10-13', 37, 226),
(892, 'output', '2019-09-25', 50, 380),
(893, 'input', '2019-08-03', 16, 890),
(894, 'input', '2019-07-13', 13, 995),
(895, 'input', '2019-12-07', 22, 223),
(896, 'input', '2020-03-28', 63, 992),
(897, 'output', '2020-05-20', 11, 53),
(898, 'input', '2019-10-12', 20, 532),
(899, 'output', '2019-06-24', 88, 75),
(900, 'output', '2020-03-24', 11, 19),
(901, 'output', '2020-04-20', 2, 599),
(902, 'output', '2019-12-28', 8, 819),
(903, 'output', '2020-03-16', 80, 62),
(904, 'output', '2019-06-14', 42, 746),
(905, 'output', '2019-11-24', 28, 697),
(906, 'input', '2019-11-08', 9, 319),
(907, 'input', '2019-06-18', 39, 132),
(908, 'output', '2019-06-19', 12, 51),
(909, 'output', '2019-07-26', 16, 159),
(910, 'output', '2019-09-05', 39, 811),
(911, 'input', '2019-08-20', 22, 555),
(912, 'output', '2020-01-18', 70, 847),
(913, 'output', '2019-08-22', 68, 770),
(914, 'input', '2020-01-03', 32, 376),
(915, 'input', '2020-01-15', 29, 91),
(916, 'input', '2020-05-30', 85, 460),
(917, 'output', '2020-01-02', 52, 745),
(918, 'output', '2020-04-22', 72, 610),
(919, 'input', '2019-08-25', 28, 221),
(920, 'output', '2020-05-27', 49, 207),
(921, 'output', '2019-10-03', 94, 482),
(922, 'input', '2019-09-01', 33, 931),
(923, 'output', '2019-09-03', 49, 252),
(924, 'output', '2019-12-21', 50, 112),
(925, 'output', '2019-12-07', 62, 905),
(926, 'input', '2019-09-13', 6, 89),
(927, 'output', '2020-03-17', 49, 802),
(928, 'output', '2019-11-16', 96, 890),
(929, 'output', '2020-02-08', 81, 319),
(930, 'output', '2019-10-08', 11, 589),
(931, 'input', '2019-11-06', 70, 406),
(932, 'input', '2019-12-28', 21, 606),
(933, 'output', '2020-04-30', 14, 852),
(934, 'input', '2020-01-05', 100, 148),
(935, 'output', '2020-04-02', 22, 628),
(936, 'input', '2020-03-01', 17, 723),
(937, 'output', '2020-02-24', 87, 535),
(938, 'output', '2019-12-25', 13, 905),
(939, 'output', '2019-08-25', 42, 449),
(940, 'input', '2019-08-30', 9, 858),
(941, 'input', '2019-08-25', 52, 684),
(942, 'input', '2020-02-11', 92, 731),
(943, 'output', '2020-05-24', 74, 5),
(944, 'output', '2019-11-17', 63, 559),
(945, 'input', '2019-11-08', 66, 469),
(946, 'output', '2020-02-07', 48, 737),
(947, 'output', '2019-12-31', 4, 471),
(948, 'input', '2020-05-24', 42, 788),
(949, 'output', '2020-06-05', 9, 928),
(950, 'input', '2019-12-16', 26, 44),
(951, 'input', '2019-07-22', 47, 431),
(952, 'output', '2020-02-25', 79, 835),
(953, 'input', '2020-01-23', 2, 684),
(954, 'input', '2019-06-23', 99, 362),
(955, 'output', '2020-01-02', 32, 814),
(956, 'input', '2019-07-20', 6, 869),
(957, 'input', '2020-03-18', 73, 306),
(958, 'output', '2019-11-04', 60, 944),
(959, 'output', '2019-12-07', 67, 673),
(960, 'input', '2019-08-31', 33, 738),
(961, 'output', '2020-05-24', 4, 78),
(962, 'input', '2019-07-26', 26, 312),
(963, 'input', '2020-02-13', 25, 206),
(964, 'output', '2020-03-26', 83, 231),
(965, 'input', '2019-12-17', 56, 951),
(966, 'input', '2019-10-08', 59, 627),
(967, 'input', '2020-02-28', 46, 107),
(968, 'output', '2019-08-04', 72, 923),
(969, 'output', '2020-02-10', 94, 637),
(970, 'output', '2019-10-02', 86, 971),
(971, 'output', '2019-06-19', 92, 504),
(972, 'input', '2020-05-01', 31, 435),
(973, 'output', '2019-08-17', 21, 466),
(974, 'output', '2019-11-20', 3, 646),
(975, 'output', '2019-06-08', 66, 997),
(976, 'input', '2020-03-22', 74, 96),
(977, 'input', '2019-08-07', 76, 695),
(978, 'input', '2019-10-08', 18, 464),
(979, 'output', '2019-10-27', 31, 276),
(980, 'input', '2020-05-28', 46, 345),
(981, 'output', '2020-04-25', 28, 801),
(982, 'output', '2019-11-16', 94, 793),
(983, 'input', '2019-09-01', 49, 638),
(984, 'output', '2020-05-01', 45, 342),
(985, 'input', '2020-02-09', 78, 123),
(986, 'output', '2020-02-03', 70, 100),
(987, 'input', '2020-01-01', 57, 539),
(988, 'input', '2019-12-02', 50, 421),
(989, 'input', '2019-09-10', 59, 551),
(990, 'input', '2020-05-04', 20, 782),
(991, 'output', '2020-01-28', 48, 904),
(992, 'input', '2019-07-02', 50, 899),
(993, 'output', '2019-09-21', 86, 931),
(994, 'input', '2019-11-06', 47, 873),
(995, 'output', '2020-03-27', 16, 572),
(996, 'output', '2019-06-26', 14, 835),
(997, 'input', '2020-02-12', 33, 233),
(998, 'input', '2019-12-04', 58, 647),
(999, 'input', '2020-02-22', 26, 997),
(1000, 'output', '2019-12-08', 24, 18);

-- --------------------------------------------------------

--
-- Estructura de tabla para la tabla `products`
--

CREATE TABLE `products` (
  `id` bigint(11) NOT NULL,
  `name` varchar(255) NOT NULL,
  `package` varchar(127) NOT NULL,
  `value` float NOT NULL
) ENGINE=InnoDB DEFAULT CHARSET=utf8;

--
-- Volcado de datos para la tabla `products`
--

INSERT INTO `products` (`id`, `name`, `package`, `value`) VALUES
(1, 'Dakota Club', 'Consumer Durables', 852.85),
(2, '944', 'n/a', 555.02),
(3, 'Metro', 'Capital Goods', 501.34),
(4, 'Quantum', 'n/a', 333.83),
(5, 'S4', 'Finance', 485.45),
(6, 'Yukon', 'Finance', 9.11),
(7, 'Silverado 1500', 'Finance', 369.35),
(8, 'Justy', 'Transportation', 107.83),
(9, 'Coachbuilder', 'Technology', 677.48),
(10, 'Continental Super', 'Basic Industries', 947.58),
(11, 'Truck', 'Consumer Services', 58.59),
(12, 'Achieva', 'Consumer Services', 204.16),
(13, 'Q', 'Miscellaneous', 509.52),
(14, 'Aveo', 'Finance', 835.24),
(15, 'MKX', 'Basic Industries', 386.87),
(16, 'Mark VIII', 'Finance', 900.12),
(17, 'Scoupe', 'Technology', 684.24),
(18, 'XC90', 'Finance', 162.84),
(19, 'S40', 'n/a', 684.5),
(20, 'Outback', 'Energy', 166.85),
(21, 'Spirit', 'Public Utilities', 482.04),
(22, '960', 'Consumer Services', 847.13),
(23, 'Ram', 'Finance', 886.7),
(24, 'Ram 1500', 'Health Care', 468.99),
(25, 'Elantra', 'Finance', 731.89),
(26, 'Caravan', 'Capital Goods', 929.05),
(27, 'GTO', 'Finance', 373.4),
(28, 'Montana', 'n/a', 797.22),
(29, 'XC90', 'Health Care', 192.07),
(30, 'GTI', 'Health Care', 941.63),
(31, 'XL7', 'n/a', 554.79),
(32, 'GTO', 'n/a', 559.14),
(33, 'Swift', 'Public Utilities', 346.08),
(34, 'Mirage', 'Finance', 670.94),
(35, 'Firebird', 'Health Care', 751.26),
(36, 'XJ Series', 'n/a', 7.97),
(37, 'Element', 'n/a', 222.04),
(38, 'Phaeton', 'n/a', 807.29),
(39, 'Esprit', 'Health Care', 303.33),
(40, 'Savana 2500', 'Consumer Non-Durables', 246.37),
(41, 'Sonoma', 'Technology', 411.11),
(42, 'Impreza WRX', 'Consumer Non-Durables', 487.82),
(43, 'Corvette', 'Transportation', 908.17),
(44, 'Altima', 'Transportation', 795.9),
(45, 'Suburban 1500', 'Energy', 891.29),
(46, 'TL', 'Miscellaneous', 955.53),
(47, 'Sigma', 'Energy', 348.28),
(48, 'SL-Class', 'n/a', 20.82),
(49, 'LeSabre', 'Basic Industries', 290.77),
(50, 'Rendezvous', 'Finance', 250.21),
(51, 'Cutlass Supreme', 'n/a', 516.62),
(52, 'S4', 'Miscellaneous', 595.11),
(53, 'F-Series', 'n/a', 603.1),
(54, 'Highlander', 'n/a', 947.71),
(55, 'Sorento', 'Consumer Services', 639.92),
(56, '4Runner', 'Capital Goods', 975.36),
(57, 'Eos', 'Finance', 90.02),
(58, 'Seville', 'Energy', 601.92),
(59, 'Shadow', 'Consumer Durables', 974.59),
(60, 'TL', 'Capital Goods', 802.88),
(61, 'Wrangler', 'n/a', 615.39),
(62, 'Grand Vitara', 'Miscellaneous', 833.47),
(63, 'R8', 'n/a', 414.81),
(64, 'GTO', 'Health Care', 542.09),
(65, 'MPV', 'Finance', 486.27),
(66, 'Xtra', 'Consumer Services', 84.58),
(67, 'Galant', 'Basic Industries', 455.67),
(68, 'Riviera', 'Consumer Durables', 669.3),
(69, 'XLR', 'n/a', 306.1),
(70, 'Swift', 'Finance', 813.68),
(71, 'Quest', 'n/a', 727.28),
(72, '1500 Club Coupe', 'Energy', 676.66),
(73, 'Gallardo', 'Consumer Durables', 77.59),
(74, '911', 'n/a', 882.84),
(75, 'Sonic', 'Public Utilities', 128.23),
(76, 'Celica', 'n/a', 207.57),
(77, '4Runner', 'Health Care', 966.69),
(78, 'Spectra', 'n/a', 322.12),
(79, 'Familia', 'Technology', 808.42),
(80, 'M3', 'Finance', 287.5),
(81, 'M5', 'Finance', 299.84),
(82, 'GL-Class', 'n/a', 201.09),
(83, 'Range Rover Sport', 'Consumer Non-Durables', 3.27),
(84, 'Sebring', 'Consumer Services', 227.94),
(85, 'Grand Am', 'n/a', 105.79),
(86, 'Intrepid', 'n/a', 346.75),
(87, 'Town & Country', 'Energy', 435.86),
(88, 'Camaro', 'Technology', 99.9),
(89, 'Grand Prix', 'Miscellaneous', 402.8),
(90, 'Dakota Club', 'Capital Goods', 766.29),
(91, 'Samurai', 'n/a', 680.08),
(92, 'Daewoo Lacetti', 'Technology', 982.53),
(93, 'G-Series G10', 'Finance', 903.99),
(94, 'MX-5', 'Finance', 219.82),
(95, 'MX-6', 'Technology', 621.84),
(96, 'Pajero', 'n/a', 35.93),
(97, 'Daytona', 'Finance', 404.57),
(98, 'S80', 'Consumer Services', 95.63),
(99, 'Corsica', 'Finance', 541.14),
(100, 'Safari', 'Technology', 188.93),
(101, 'Swift', 'Health Care', 207.37),
(102, '300', 'n/a', 774.45),
(103, 'Sky', 'Technology', 268.84),
(104, 'GX', 'Finance', 127.76),
(105, 'Corrado', 'Energy', 731.56),
(106, 'Bonneville', 'Health Care', 215.01),
(107, '5 Series', 'n/a', 515.5),
(108, '8 Series', 'Consumer Services', 687.25),
(109, 'Ram 1500', 'Health Care', 261.09),
(110, 'Continental Mark VII', 'Technology', 226.82),
(111, 'LeSabre', 'Public Utilities', 315.15),
(112, 'Sentra', 'Health Care', 310.43),
(113, 'V70', 'Finance', 611.59),
(114, 'Cabriolet', 'Basic Industries', 724.34),
(115, '7 Series', 'Basic Industries', 134.28),
(116, 'Monte Carlo', 'n/a', 197.2),
(117, 'Prizm', 'Consumer Services', 452.97),
(118, '3500', 'n/a', 491.78),
(119, 'Familia', 'Capital Goods', 252.31),
(120, 'Versa', 'Capital Goods', 447.65),
(121, 'Q', 'n/a', 64.87),
(122, 'RL', 'n/a', 797.32),
(123, 'S-Series', 'Finance', 131.67),
(124, 'Town Car', 'Finance', 881.16),
(125, '968', 'n/a', 426.9),
(126, 'Range Rover', 'Health Care', 781.24),
(127, '944', 'Capital Goods', 920.91),
(128, 'Crown Victoria', 'n/a', 162.44),
(129, 'TrailBlazer', 'Transportation', 62.28),
(130, 'Continental Mark VII', 'Public Utilities', 12.58),
(131, 'D150', 'Technology', 725.34),
(132, 'Wrangler', 'Consumer Services', 223.11),
(133, 'G', 'Basic Industries', 12.73),
(134, 'Avalon', 'Finance', 411.97),
(135, 'Evora', 'n/a', 375.99),
(136, 'Murano', 'n/a', 235.71),
(137, 'F-Series', 'Capital Goods', 213.39),
(138, 'Camry Hybrid', 'Health Care', 48.66),
(139, 'Versa', 'Technology', 970.46),
(140, 'Allroad', 'Public Utilities', 603.96),
(141, '928', 'Consumer Services', 421.26),
(142, 'Achieva', 'Basic Industries', 172.06),
(143, 'Tundra', 'Consumer Non-Durables', 169),
(144, 'DBS', 'Technology', 657.74),
(145, 'Explorer', 'Health Care', 704.78),
(146, 'Dakota Club', 'Public Utilities', 50.87),
(147, 'Legacy', 'n/a', 35.62),
(148, 'Ram Wagon B350', 'Technology', 55.32),
(149, 'Sportvan G20', 'n/a', 558.3),
(150, 'Monte Carlo', 'Consumer Services', 63.78),
(151, 'Impulse', 'Consumer Services', 411.26),
(152, 'Grand Voyager', 'Public Utilities', 815.9),
(153, 'Bravada', 'Consumer Services', 775.94),
(154, 'Laser', 'Consumer Non-Durables', 117.58),
(155, 'Solara', 'n/a', 26.69),
(156, 'XC70', 'Public Utilities', 68.66),
(157, 'GT-R', 'Finance', 560.25),
(158, 'PT Cruiser', 'Miscellaneous', 507.01),
(159, 'Daytona', 'n/a', 827.95),
(160, 'Thunderbird', 'n/a', 73.36),
(161, 'Legacy', 'Health Care', 996.96),
(162, 'Golf', 'Finance', 255.41),
(163, 'Discovery', 'Technology', 525.28),
(164, '626', 'n/a', 940.75),
(165, 'Stealth', 'Finance', 564.57),
(166, 'Neon', 'Consumer Services', 389.99),
(167, '300', 'n/a', 198.34),
(168, 'Z4 M', 'n/a', 45.2),
(169, 'Sierra 3500', 'Finance', 230.38),
(170, 'CLK-Class', 'n/a', 749.29),
(171, 'TL', 'n/a', 242.84),
(172, 'RX', 'Health Care', 703.18),
(173, 'Pajero', 'Finance', 818.17),
(174, 'Impreza', 'n/a', 534.94),
(175, 'CL-Class', 'Technology', 937.31),
(176, 'Familia', 'Consumer Services', 972.49),
(177, 'Mazda6', 'Consumer Services', 432.37),
(178, 'Thunderbird', 'Miscellaneous', 984.83),
(179, 'Taurus', 'Consumer Services', 719.25),
(180, 'LS', 'Transportation', 631.08),
(181, 'Escort', 'Public Utilities', 299.79),
(182, 'Sentra', 'Consumer Non-Durables', 487.19),
(183, 'Seville', 'n/a', 417.15),
(184, 'Ram Van 2500', 'Capital Goods', 176.72),
(185, '300M', 'Energy', 586.13),
(186, 'Dakota', 'n/a', 885.35),
(187, 'QX', 'Health Care', 397.93),
(188, 'Aspen', 'Basic Industries', 273.82),
(189, 'Continental', 'Finance', 847.43),
(190, 'Cavalier', 'Finance', 822.11),
(191, 'GTO', 'Capital Goods', 362.09),
(192, 'Taurus', 'Health Care', 290.02),
(193, 'Focus', 'Energy', 296.55),
(194, 'Elantra', 'Energy', 201.2),
(195, 'Esperante', 'Technology', 529.01),
(196, 'Accent', 'Capital Goods', 498.94),
(197, 'Fiesta', 'Technology', 199.61),
(198, '745', 'Consumer Durables', 45.27),
(199, 'Classic', 'Technology', 838.63),
(200, 'Matrix', 'Health Care', 90.14),
(201, 'Starion', 'Health Care', 967.24),
(202, 'Familia', 'Finance', 134.49),
(203, 'Phaeton', 'Energy', 379.3),
(204, 'Camry', 'Capital Goods', 371.59),
(205, '4Runner', 'Technology', 234.97),
(206, 'Grand Am', 'n/a', 188.89),
(207, 'Escort', 'Finance', 117.63),
(208, 'Millenia', 'Miscellaneous', 543.89),
(209, 'Grand Prix', 'Capital Goods', 46.78),
(210, 'Explorer', 'Capital Goods', 546.48),
(211, 'Mazdaspeed 3', 'Finance', 770.09),
(212, '2500', 'n/a', 211.85),
(213, 'Caprice Classic', 'Capital Goods', 894.26),
(214, 'Touareg 2', 'Health Care', 399.5),
(215, 'Malibu', 'Health Care', 725.69),
(216, 'Sentra', 'Consumer Services', 181.97),
(217, 'Prius v', 'Basic Industries', 548.93),
(218, 'Accord', 'n/a', 658.03),
(219, 'Landaulet', 'Technology', 657.05),
(220, 'SJ', 'Technology', 966.26),
(221, '626', 'n/a', 390.21),
(222, 'Courier', 'Health Care', 394.86),
(223, 'Fiero', 'Basic Industries', 872.98),
(224, 'C70', 'Capital Goods', 18.63),
(225, 'Sundance', 'Consumer Services', 179.68),
(226, '3 Series', 'Technology', 47.03),
(227, 'Town & Country', 'Miscellaneous', 749.24),
(228, '2500 Club Coupe', 'Health Care', 452.82),
(229, '100', 'Public Utilities', 575.8),
(230, 'C8 Laviolette', 'Miscellaneous', 420.05),
(231, 'CL', 'n/a', 686.98),
(232, 'tC', 'Capital Goods', 791.88),
(233, 'Z4', 'Basic Industries', 800.97),
(234, 'Escort', 'Miscellaneous', 876.19),
(235, 'Bonneville', 'Health Care', 65.89),
(236, 'Aztek', 'Consumer Durables', 810.75),
(237, 'Grand Voyager', 'Finance', 590.6),
(238, 'New Beetle', 'Health Care', 619.37),
(239, 'Expedition EL', 'n/a', 982.43),
(240, '57', 'Technology', 195.42),
(241, 'Savana 1500', 'n/a', 527.51),
(242, 'Escalade EXT', 'Finance', 366.22),
(243, 'Firebird', 'Consumer Services', 445.49),
(244, 'Range Rover', 'Basic Industries', 277.45),
(245, 'Journey', 'Health Care', 335.09),
(246, 'Park Avenue', 'Finance', 507.8),
(247, 'Azure', 'Basic Industries', 858.23),
(248, 'Grand Marquis', 'Energy', 799.42),
(249, 'Element', 'Finance', 532.78),
(250, 'Yukon XL 2500', 'n/a', 838.23),
(251, 'Pathfinder', 'Miscellaneous', 230.31),
(252, 'Pathfinder', 'n/a', 272.39),
(253, 'Santa Fe', 'Finance', 78.86),
(254, 'Regal', 'Technology', 571.67),
(255, 'Esprit', 'n/a', 660.1),
(256, 'Millenia', 'n/a', 323.03),
(257, 'Escalade ESV', 'Capital Goods', 892.01),
(258, 'Cobalt', 'n/a', 850.01),
(259, 'G-Class', 'Technology', 38.29),
(260, '4000', 'n/a', 923.91),
(261, 'Blazer', 'Health Care', 846.41),
(262, 'Oasis', 'n/a', 968.21),
(263, 'QX', 'Health Care', 641.05),
(264, 'CL-Class', 'Health Care', 485.09),
(265, 'RX', 'n/a', 765.09),
(266, 'Integra', 'Health Care', 574.46),
(267, 'Bonneville', 'Finance', 309.72),
(268, 'LeSabre', 'Consumer Durables', 183.72),
(269, 'C70', 'n/a', 150.04),
(270, 'Sable', 'n/a', 117.61),
(271, 'Compass', 'n/a', 572.17),
(272, 'Corrado', 'Consumer Services', 747.42),
(273, 'Silhouette', 'Finance', 610.21),
(274, 'Maxima', 'Consumer Services', 290.85),
(275, 'xB', 'Health Care', 464.81),
(276, 'Grand Am', 'n/a', 18.57),
(277, 'Esperante', 'Technology', 308.18),
(278, 'F250', 'n/a', 827.42),
(279, 'Mini', 'n/a', 573.52),
(280, 'Viper', 'n/a', 247.44),
(281, 'LS Hybrid', 'Technology', 855.66),
(282, 'MR2', 'Health Care', 85.98),
(283, 'S10', 'n/a', 909.51),
(284, 'Lancer', 'n/a', 501.55),
(285, '1 Series', 'Consumer Non-Durables', 914.5),
(286, 'Panamera', 'n/a', 282.03),
(287, 'G', 'Miscellaneous', 219.71),
(288, 'V40', 'Finance', 797.32),
(289, 'Contour', 'n/a', 855.82),
(290, 'Durango', 'Health Care', 739.38),
(291, 'Grand Vitara', 'Energy', 977.03),
(292, 'Camry Hybrid', 'n/a', 590.88),
(293, 'Odyssey', 'Basic Industries', 905.57),
(294, '9000', 'Health Care', 875.73),
(295, '100', 'Finance', 383.92),
(296, 'Boxster', 'n/a', 586.72),
(297, 'Eclipse', 'Capital Goods', 922.41),
(298, 'Chariot', 'n/a', 226.01),
(299, 'Mirage', 'Technology', 223.54),
(300, 'Savana 3500', 'n/a', 930.95),
(301, 'Suburban 2500', 'Public Utilities', 904.97),
(302, '1500', 'Consumer Non-Durables', 59.32),
(303, 'V8', 'Finance', 270.18),
(304, 'Yaris', 'Finance', 216.02),
(305, 'LeMans', 'Health Care', 893.4),
(306, 'Explorer', 'Basic Industries', 975.4),
(307, '458 Italia', 'n/a', 861.83),
(308, 'Rodeo Sport', 'Health Care', 921.44),
(309, 'Reno', 'Basic Industries', 159.38),
(310, 'Equinox', 'n/a', 617.12),
(311, 'Vibe', 'Consumer Services', 971.61),
(312, 'Astro', 'Consumer Services', 155.23),
(313, 'Ram Van 2500', 'Finance', 233.52),
(314, 'Escalade EXT', 'Health Care', 588.2),
(315, 'Sable', 'Finance', 194.04),
(316, 'Pathfinder', 'n/a', 907.38),
(317, 'Arnage', 'Finance', 570.93),
(318, 'GS', 'n/a', 287.59),
(319, 'Escort', 'Consumer Services', 6.8),
(320, 'Sephia', 'n/a', 382.78),
(321, 'Explorer', 'Capital Goods', 214.51),
(322, 'Swift', 'Public Utilities', 934.89),
(323, 'Marquis', 'Finance', 511.6),
(324, 'Highlander', 'n/a', 4.02),
(325, 'Firefly', 'Finance', 563.33),
(326, 'Type 2', 'n/a', 265.52),
(327, 'Discovery', 'Consumer Services', 469.47),
(328, 'CLS-Class', 'n/a', 530.53),
(329, 'Silverado 3500', 'Capital Goods', 292.76),
(330, '4000', 'Miscellaneous', 145.46),
(331, 'Forte', 'Finance', 118.22),
(332, '914', 'Finance', 47.47),
(333, 'Ram Van B350', 'Finance', 555.91),
(334, 'Esteem', 'Finance', 762.45),
(335, 'Savana 2500', 'Health Care', 90.76),
(336, 'F430', 'Health Care', 572.23),
(337, 'Viper', 'Finance', 159.84),
(338, 'Impreza', 'n/a', 620.24),
(339, 'Pathfinder', 'Capital Goods', 287.3),
(340, 'Sunfire', 'n/a', 420.72),
(341, 'Mountaineer', 'Consumer Non-Durables', 595.52),
(342, 'Sunbird', 'n/a', 417.11),
(343, 'Courier', 'n/a', 738.07),
(344, '300', 'n/a', 656.04),
(345, 'Mazda6', 'n/a', 733.36),
(346, 'Celica', 'Finance', 673.6),
(347, 'Bravada', 'Health Care', 550.99),
(348, 'Brat', 'Consumer Services', 64.79),
(349, 'GTO', 'Public Utilities', 22.61),
(350, 'Terraza', 'Consumer Durables', 938.54),
(351, 'VS Commodore', 'n/a', 307.59),
(352, '3500', 'Consumer Services', 867.53),
(353, 'Ram Van B350', 'Health Care', 510.57),
(354, 'E150', 'Miscellaneous', 35.91),
(355, 'B-Series Plus', 'Capital Goods', 646.4),
(356, 'LS', 'Public Utilities', 502.76),
(357, 'Allroad', 'Consumer Non-Durables', 759.54),
(358, 'Aerio', 'Consumer Services', 160.66),
(359, 'Grand Prix', 'Finance', 613.15),
(360, 'Prizm', 'Capital Goods', 852.89),
(361, 'Miata MX-5', 'Finance', 891.62),
(362, 'Prius', 'n/a', 277.58),
(363, 'Equator', 'Finance', 253.72),
(364, 'Laser', 'Basic Industries', 554.68),
(365, 'Continental Mark VII', 'n/a', 185.42),
(366, 'Grand Prix', 'Technology', 616.47),
(367, 'Cayenne', 'Technology', 463.28),
(368, '1500 Club Coupe', 'n/a', 172.76),
(369, 'Camaro', 'Finance', 258.6),
(370, 'Cabriolet', 'Public Utilities', 572.76),
(371, 'Model T', 'Consumer Services', 19.3),
(372, 'Azera', 'Technology', 402.41),
(373, 'RX-7', 'Consumer Services', 997.03),
(374, 'Boxster', 'Finance', 679.58),
(375, 'S2000', 'Finance', 893.08),
(376, 'Gallardo', 'n/a', 108.85),
(377, '300ZX', 'Finance', 13.12),
(378, 'Ram 1500', 'Finance', 477.32),
(379, 'Capri', 'Finance', 431.12),
(380, 'F250', 'Finance', 253.85),
(381, 'Aura', 'Technology', 999.29),
(382, 'Cayenne', 'Consumer Services', 66.2),
(383, 'G', 'Health Care', 277.09),
(384, 'Ram 2500', 'Consumer Durables', 600.57),
(385, 'Traverse', 'n/a', 508.74),
(386, 'Suburban 2500', 'Consumer Services', 470.84),
(387, 'CLK-Class', 'Technology', 546.57),
(388, '458 Italia', 'Capital Goods', 55.68),
(389, 'Daewoo Lacetti', 'Health Care', 942.74),
(390, '80', 'Capital Goods', 165.39),
(391, 'Typ-1', 'Capital Goods', 398.94),
(392, 'LTD Crown Victoria', 'Health Care', 908.32),
(393, 'Elan', 'Public Utilities', 233.02),
(394, 'Altima', 'n/a', 237.61),
(395, 'S40', 'Finance', 800.62),
(396, 'M Roadster', 'n/a', 874.81),
(397, 'CX-7', 'Technology', 933.72),
(398, 'Marauder', 'Health Care', 103.05),
(399, 'GranTurismo', 'Finance', 265.36),
(400, 'Fleetwood', 'Finance', 679.88),
(401, 'W201', 'Energy', 404.46),
(402, 'Festiva', 'n/a', 239.89),
(403, 'A5', 'n/a', 130.93),
(404, 'Envoy XL', 'Finance', 564.94),
(405, 'Optima', 'Technology', 710.2),
(406, 'Talon', 'Finance', 846.43),
(407, 'Crown Victoria', 'Consumer Services', 865.08),
(408, 'Montero', 'n/a', 391.97),
(409, 'Express 3500', 'Consumer Services', 461.93),
(410, 'Suburban 1500', 'Health Care', 579.39),
(411, 'Discovery', 'Capital Goods', 234.29),
(412, 'Golf', 'Basic Industries', 8.63),
(413, '4000s', 'Consumer Services', 898.55),
(414, 'SRX', 'n/a', 785.93),
(415, 'E250', 'Technology', 424.48),
(416, 'Landaulet', 'n/a', 615.55),
(417, '323', 'Finance', 99.31),
(418, 'Jetta III', 'Consumer Services', 499.98),
(419, 'Spectra', 'Transportation', 334.76),
(420, 'California', 'Technology', 266.08),
(421, 'Tempo', 'n/a', 526.96),
(422, 'Summit', 'Health Care', 760.18),
(423, 'Mark VII', 'n/a', 147.89),
(424, 'F350', 'Basic Industries', 847.67),
(425, 'FX', 'Consumer Non-Durables', 441.43),
(426, 'Stylus', 'Consumer Non-Durables', 435.66),
(427, 'GX', 'Consumer Services', 892.1),
(428, 'Fit', 'Technology', 918.31),
(429, 'Regal', 'Transportation', 96.72),
(430, 'Elan', 'Technology', 593.96),
(431, 'XJ Series', 'n/a', 441.97),
(432, 'X5', 'n/a', 576.55),
(433, 'Sunbird', 'n/a', 483.71),
(434, 'E150', 'n/a', 13.25),
(435, 'Ram Van 2500', 'Health Care', 882.41),
(436, 'Probe', 'Capital Goods', 918.33),
(437, 'XC70', 'Consumer Services', 222.11),
(438, '3 Series', 'Capital Goods', 832.64),
(439, 'Exige', 'Public Utilities', 29.04),
(440, 'Capri', 'Health Care', 408.44),
(441, 'Continental', 'Technology', 678.28),
(442, 'MKZ', 'n/a', 611.95),
(443, 'Routan', 'n/a', 267.94),
(444, 'GT350', 'Technology', 168.27),
(445, 'Hombre Space', 'Technology', 985.24),
(446, 'Mirage', 'Health Care', 840.68),
(447, 'Outlook', 'Technology', 895.84),
(448, 'Golf', 'Finance', 588.12),
(449, 'Sorento', 'Public Utilities', 897.2),
(450, 'TL', 'n/a', 123.57),
(451, 'Ghost', 'Finance', 921.43),
(452, 'Mazda5', 'Finance', 268.87),
(453, '911', 'Capital Goods', 212.32),
(454, 'S4', 'Finance', 112.49),
(455, 'G3', 'Health Care', 711.55),
(456, 'Grand Caravan', 'Consumer Non-Durables', 890.59),
(457, 'HS', 'Technology', 24.56),
(458, 'T100', 'Consumer Services', 439.47),
(459, 'Mazda6', 'Finance', 620.04),
(460, 'Z3', 'Health Care', 852.71),
(461, 'Dakota Club', 'Health Care', 274.17),
(462, 'Express 2500', 'Finance', 391.84),
(463, 'Corvette', 'n/a', 723.06),
(464, 'Corvette', 'Consumer Services', 871.42),
(465, '88', 'n/a', 735.62),
(466, 'Camry', 'Technology', 902.16),
(467, 'Durango', 'Health Care', 173.93),
(468, 'Sedona', 'Basic Industries', 123.12),
(469, 'HHR', 'Consumer Non-Durables', 530.74),
(470, 'Jetta III', 'Energy', 141.48),
(471, 'Mini', 'Basic Industries', 241.62),
(472, 'PT Cruiser', 'n/a', 432.37),
(473, 'E-350 Super Duty', 'Consumer Services', 550.92),
(474, 'F150', 'Public Utilities', 802.85),
(475, 'GranTurismo', 'Finance', 528.34),
(476, '2500 Club Coupe', 'n/a', 560.94),
(477, '325', 'Health Care', 758.09),
(478, 'Cougar', 'Public Utilities', 144.88),
(479, '300CE', 'Health Care', 89.56),
(480, 'Corolla', 'n/a', 666.84),
(481, 'LR4', 'Finance', 543.47),
(482, 'Focus', 'Public Utilities', 450.84),
(483, 'A4', 'n/a', 473.37),
(484, 'IS', 'Finance', 100.37),
(485, 'Allante', 'n/a', 847.24),
(486, 'Sorento', 'Capital Goods', 844.21),
(487, 'Scirocco', 'Basic Industries', 807.62),
(488, 'Galaxie', 'Finance', 676.23),
(489, 'Vanquish S', 'Public Utilities', 721.21),
(490, 'Econoline E150', 'Consumer Services', 917.86),
(491, 'Monterey', 'Health Care', 615.31),
(492, 'Envoy', 'n/a', 397.85),
(493, 'Frontier', 'Health Care', 582.62),
(494, 'Esprit', 'Health Care', 75.31),
(495, 'Tundra', 'Technology', 366.59),
(496, 'GTO', 'n/a', 371.19),
(497, '545', 'Capital Goods', 766.34),
(498, 'G-Series G30', 'Technology', 152.83),
(499, 'Cougar', 'Consumer Services', 254.21),
(500, 'Accord', 'Basic Industries', 827),
(501, 'Forester', 'Consumer Durables', 930.42),
(502, 'Express 1500', 'Health Care', 125.11),
(503, 'Suburban 2500', 'Health Care', 976.46),
(504, '626', 'n/a', 991.23),
(505, 'E-Series', 'Basic Industries', 921.75),
(506, 'CX', 'Basic Industries', 849.23),
(507, 'del Sol', 'n/a', 607.84),
(508, 'Elise', 'n/a', 837.99),
(509, 'Trooper', 'Technology', 568.64),
(510, 'Cougar', 'Health Care', 254.33),
(511, 'GT500', 'Technology', 656.93),
(512, 'Silverado 3500', 'n/a', 459.17),
(513, 'Discovery', 'Technology', 794.86),
(514, 'Sonata', 'n/a', 544.69),
(515, 'E250', 'Technology', 619.36),
(516, 'E-Class', 'n/a', 45.35),
(517, '6 Series', 'Basic Industries', 802.27),
(518, 'Traverse', 'n/a', 681.56),
(519, 'Yukon', 'n/a', 711.12),
(520, 'Ram Van 1500', 'Technology', 888.7),
(521, '3 Series', 'Consumer Services', 217.02),
(522, 'Corsica', 'Finance', 688.17),
(523, 'Grand Prix', 'n/a', 675.53),
(524, '7 Series', 'Energy', 100.95),
(525, 'Truck', 'Transportation', 692.64),
(526, 'Insight', 'Consumer Durables', 213.51),
(527, 'XJ Series', 'Health Care', 160.98),
(528, 'S4', 'Consumer Services', 101.27),
(529, 'Genesis', 'n/a', 525.31),
(530, 'Cutlass Supreme', 'Consumer Non-Durables', 804.97),
(531, 'QX', 'Consumer Services', 484.79),
(532, 'Bonneville', 'Finance', 487.3),
(533, 'Legacy', 'Health Care', 881.92),
(534, 'C30', 'n/a', 660.22),
(535, 'Corvette', 'Capital Goods', 582.58),
(536, 'SRX', 'n/a', 566.24),
(537, 'Yukon XL 1500', 'Basic Industries', 623.8),
(538, 'LS', 'n/a', 944.9),
(539, 'GTI', 'Capital Goods', 565.47),
(540, 'Highlander', 'n/a', 116.8),
(541, 'Voyager', 'Health Care', 319.84),
(542, 'Viper', 'Technology', 717.1),
(543, 'Escort', 'Consumer Non-Durables', 343.66),
(544, 'Sierra', 'n/a', 628.56),
(545, 'Cougar', 'Health Care', 420.37),
(546, 'Range Rover', 'Capital Goods', 550.29),
(547, 'Riviera', 'n/a', 474.13),
(548, 'Prizm', 'Technology', 687.54),
(549, 'Laser', 'Technology', 22.1),
(550, 'Sedona', 'Consumer Services', 242.17),
(551, 'Impala SS', 'Consumer Services', 36.64),
(552, 'Gallardo', 'Finance', 346.05),
(553, 'Ram 3500', 'Miscellaneous', 51.85),
(554, 'Cherokee', 'n/a', 661.75),
(555, 'F350', 'Basic Industries', 369.72),
(556, '911', 'Technology', 314.02),
(557, 'MKZ', 'Finance', 619.78),
(558, 'Miata MX-5', 'Technology', 269.1),
(559, 'XLR', 'Transportation', 120.58),
(560, 'Continental Mark VII', 'Basic Industries', 212.01),
(561, 'Dakota', 'Finance', 966.51),
(562, 'Grand Voyager', 'Technology', 632.74),
(563, 'Tacoma', 'Technology', 527.46),
(564, 'Esprit', 'Capital Goods', 542.8),
(565, 'H2', 'Health Care', 637.97),
(566, 'Laser', 'n/a', 993.13),
(567, 'Silverado', 'Finance', 223.07),
(568, 'Sierra 1500', 'Health Care', 264.62),
(569, 'Montero', 'Consumer Durables', 54.33),
(570, 'Celica', 'n/a', 435.98),
(571, 'Fleetwood', 'Technology', 190.18),
(572, 'Enclave', 'Finance', 37.12),
(573, 'Taurus', 'Health Care', 615.58),
(574, 'S80', 'n/a', 600.91),
(575, 'CR-V', 'Health Care', 699.36),
(576, 'Impala', 'n/a', 601.53),
(577, 'Express 1500', 'Consumer Services', 436.7),
(578, 'Mustang', 'Health Care', 837.11),
(579, 'Odyssey', 'Technology', 789.58),
(580, 'Durango', 'Energy', 775.73),
(581, 'Maxima', 'n/a', 143.66),
(582, 'Savana 2500', 'Technology', 306.98),
(583, 'Ram Van 3500', 'n/a', 336.86),
(584, 'Civic', 'Public Utilities', 133.67),
(585, 'E250', 'Technology', 879.9),
(586, 'Skylark', 'Transportation', 470.39),
(587, 'Sedona', 'Consumer Non-Durables', 169.75),
(588, 'CL-Class', 'Finance', 796.56),
(589, 'Yukon XL 2500', 'Miscellaneous', 819.37),
(590, '2500', 'Finance', 892.18),
(591, 'Wrangler', 'Energy', 895.99),
(592, 'G35', 'Consumer Services', 76.98),
(593, 'M3', 'Capital Goods', 188.95),
(594, 'Marquis', 'Energy', 459.11),
(595, 'Outlander', 'Finance', 179.91),
(596, 'E350', 'Finance', 895.09),
(597, 'Quattroporte', 'Miscellaneous', 387.65),
(598, 'H1', 'Finance', 778.77),
(599, 'Ranger', 'n/a', 373.52),
(600, 'Intrigue', 'Consumer Services', 519.04),
(601, 'S10', 'n/a', 607.93),
(602, 'Suburban 1500', 'Consumer Services', 595.6),
(603, 'Thunderbird', 'n/a', 755.46),
(604, 'Astro', 'Consumer Services', 349.75),
(605, 'SX4', 'n/a', 807.93),
(606, 'Cavalier', 'Health Care', 650.63),
(607, 'Citation', 'Finance', 850.77),
(608, 'IS', 'Capital Goods', 122.5),
(609, 'EX', 'Consumer Services', 449.94),
(610, 'XT', 'n/a', 165.39),
(611, '1500', 'n/a', 304.65),
(612, 'Firebird', 'Health Care', 361.71),
(613, 'Cayenne', 'Public Utilities', 82.07),
(614, 'Landaulet', 'Consumer Services', 894.6),
(615, 'Wrangler', 'Technology', 548.53),
(616, 'B-Series Plus', 'Technology', 988.61),
(617, 'Highlander', 'n/a', 571.99),
(618, 'CTS-V', 'n/a', 649.23),
(619, '500SL', 'Technology', 583.64),
(620, 'G5', 'n/a', 769.74),
(621, 'Touareg', 'n/a', 687.09),
(622, 'Camry', 'Capital Goods', 225.16),
(623, 'i-370', 'Consumer Services', 462.43),
(624, 'Discovery', 'Transportation', 845.7),
(625, '3500 Club Coupe', 'n/a', 472.74),
(626, 'Continental Flying Spur', 'Health Care', 707.51),
(627, 'RX-7', 'n/a', 728.01),
(628, 'Brooklands', 'n/a', 401.99),
(629, 'Regal', 'Finance', 697.21),
(630, 'Tundra', 'Health Care', 427.95),
(631, 'Discovery', 'Consumer Non-Durables', 162.09),
(632, 'Wrangler', 'Health Care', 94.3),
(633, 'Monterey', 'Technology', 872.86),
(634, '8 Series', 'Capital Goods', 395.39),
(635, 'Golf', 'Transportation', 899.14),
(636, 'Stratus', 'Consumer Non-Durables', 652.74),
(637, 'Tahoe', 'Consumer Non-Durables', 737.49),
(638, 'CLS-Class', 'Finance', 333.01),
(639, 'E-Series', 'Health Care', 996.53),
(640, 'Equinox', 'Finance', 117.78),
(641, 'xB', 'Health Care', 358.47),
(642, 'TT', 'Technology', 22.11),
(643, '5 Series', 'Technology', 986.78),
(644, 'Esteem', 'n/a', 594.17),
(645, 'R32', 'Technology', 678.05),
(646, 'Navigator', 'Finance', 19.04),
(647, 'GTI', 'Finance', 671.01),
(648, 'Mazdaspeed 3', 'Capital Goods', 854.97),
(649, 'Taurus', 'Consumer Services', 828.42),
(650, 'Savana 2500', 'Technology', 190.45),
(651, 'Azera', 'Public Utilities', 786.76),
(652, 'Town & Country', 'n/a', 648.96),
(653, 'Fiesta', 'n/a', 631.94),
(654, '4000CS Quattro', 'Finance', 533.68),
(655, 'Spectra', 'Technology', 236.42),
(656, 'Coachbuilder', 'n/a', 987.54),
(657, 'Rabbit', 'n/a', 941.73),
(658, 'SRX', 'Finance', 882.43),
(659, '940', 'Consumer Services', 260.24),
(660, 'Grand Cherokee', 'Technology', 826),
(661, 'H3', 'Consumer Services', 890.08),
(662, 'S-Class', 'Health Care', 23.29),
(663, 'Bonneville', 'n/a', 217.9),
(664, 'Z3', 'n/a', 437.88),
(665, 'Grand Prix', 'Technology', 552.38),
(666, 'Carens', 'n/a', 62.25),
(667, 'GT500', 'Energy', 858.38),
(668, 'Sonata', 'Finance', 410.16),
(669, 'Borrego', 'Basic Industries', 921.77),
(670, 'Azera', 'Consumer Services', 945.65),
(671, 'CLK-Class', 'n/a', 951.72),
(672, '2500', 'Technology', 352.59),
(673, 'LeSabre', 'Consumer Services', 888.43),
(674, 'XK Series', 'Technology', 460.94),
(675, 'Explorer', 'Finance', 45.07),
(676, 'Sierra 2500', 'Capital Goods', 429.75),
(677, 'Prius', 'Health Care', 702.2),
(678, '9-5', 'n/a', 577.88),
(679, 'Mazda6', 'n/a', 9.89),
(680, 'Jetta', 'Energy', 161.96),
(681, 'Grand Caravan', 'Consumer Durables', 714.26),
(682, 'XL-7', 'Consumer Services', 241.43),
(683, 'Tracer', 'Consumer Services', 303.59),
(684, 'Suburban 1500', 'Consumer Services', 459.62),
(685, 'Prius', 'Finance', 809.79),
(686, 'SL-Class', 'Consumer Durables', 703.58),
(687, 'Xtra', 'Finance', 205.23),
(688, 'Quest', 'Health Care', 397.41),
(689, 'IS', 'Finance', 445.47),
(690, 'Mirage', 'Health Care', 24.91),
(691, 'Festiva', 'Health Care', 989.31),
(692, 'G-Class', 'Consumer Non-Durables', 308.86),
(693, 'Sunbird', 'Energy', 393.23),
(694, 'GTO', 'Finance', 756.62),
(695, 'G', 'Capital Goods', 372.8),
(696, 'Laser', 'n/a', 806.19),
(697, 'Taurus', 'Consumer Services', 375.69),
(698, 'D250 Club', 'Technology', 114.4),
(699, 'Escort', 'Finance', 827.23),
(700, 'RX-8', 'Technology', 453.03),
(701, 'S4', 'Consumer Services', 268.45),
(702, 'QX', 'Health Care', 358.28),
(703, 'Nuova 500', 'Technology', 262.83),
(704, 'F-Series', 'Consumer Durables', 767.09),
(705, '88', 'Consumer Services', 130.45),
(706, 'A6', 'Capital Goods', 424.23),
(707, 'Passat', 'Energy', 281.18),
(708, 'Sportage', 'n/a', 135.47),
(709, 'Town Car', 'Health Care', 632.75),
(710, 'LaCrosse', 'n/a', 79.4),
(711, '62', 'Finance', 24.21),
(712, 'Escape', 'Consumer Non-Durables', 252.34),
(713, 'Outback', 'Consumer Services', 609.11),
(714, 'GS', 'Consumer Services', 962.04),
(715, 'Reno', 'Finance', 155.07),
(716, 'Aspire', 'Technology', 537.02),
(717, 'SL-Class', 'Capital Goods', 570.04),
(718, 'Maxima', 'n/a', 999.07),
(719, 'Impreza', 'n/a', 636.21),
(720, 'LR2', 'Technology', 925.48),
(721, '3500 Club Coupe', 'n/a', 203.92),
(722, 'GX', 'Consumer Services', 592.9),
(723, 'RL', 'n/a', 21.54),
(724, 'SX4', 'n/a', 447.84),
(725, 'IPL G', 'Capital Goods', 934.6),
(726, 'Sedona', 'Consumer Services', 543.17),
(727, 'Wrangler', 'Capital Goods', 219.5),
(728, 'Cavalier', 'Public Utilities', 365.75),
(729, 'D350 Club', 'Health Care', 895.27),
(730, 'Jetta', 'Health Care', 392.96),
(731, 'Cabriolet', 'Health Care', 388.91),
(732, 'Mirage', 'Consumer Services', 2.87),
(733, 'Camry', 'Consumer Non-Durables', 315.96),
(734, 'A8', 'Health Care', 887.49),
(735, 'Sonoma', 'Finance', 593.75),
(736, 'Maxima', 'Capital Goods', 938.43),
(737, 'Legacy', 'n/a', 937.65),
(738, 'Sonoma', 'Health Care', 774.63),
(739, '900', 'Energy', 178.91),
(740, 'Regal', 'Finance', 145.89),
(741, 'Econoline E150', 'Finance', 591.4),
(742, 'Mighty Max', 'Energy', 520.81),
(743, 'Truck Xtracab SR5', 'Technology', 753.55),
(744, 'Envoy XL', 'Miscellaneous', 756.6),
(745, 'Corolla', 'Finance', 152.68),
(746, 'Jimmy', 'Health Care', 656.89),
(747, 'Camaro', 'n/a', 462.61),
(748, 'H1', 'Technology', 454.28),
(749, 'Silverado', 'Health Care', 875.3),
(750, 'Bonneville', 'Health Care', 822.36),
(751, 'Eclipse', 'Finance', 882.31),
(752, 'Pathfinder', 'Consumer Services', 209.68),
(753, 'Cooper', 'n/a', 482.4),
(754, 'Optima', 'Technology', 131.77),
(755, 'Express 2500', 'Basic Industries', 967.45),
(756, 'Range Rover', 'Technology', 78.75),
(757, 'Caprice Classic', 'Finance', 680.53),
(758, 'C-Class', 'Health Care', 159.61),
(759, 'Jetta', 'Health Care', 254.08),
(760, 'Galaxie', 'Consumer Services', 267.64),
(761, 'Legacy', 'Consumer Non-Durables', 74.77),
(762, 'Z3', 'n/a', 885.45),
(763, 'Ranger', 'Finance', 194.77),
(764, 'Ion', 'Technology', 822.23),
(765, 'S60', 'n/a', 226.6),
(766, 'Cooper', 'Transportation', 998.08),
(767, 'Aerio', 'Consumer Services', 295.13),
(768, 'Reno', 'Health Care', 313.87),
(769, 'Viper RT/10', 'n/a', 507.79),
(770, 'Frontier', 'Technology', 295.01),
(771, 'Tahoe', 'Miscellaneous', 126.54),
(772, 'Sentra', 'n/a', 676.5),
(773, 'Savana 2500', 'Finance', 910.96),
(774, 'Golf III', 'Health Care', 139.02),
(775, 'Cabriolet', 'Public Utilities', 343.91),
(776, 'Suburban 2500', 'Finance', 508.18),
(777, 'Express 1500', 'n/a', 426.4),
(778, 'Murciélago', 'n/a', 355.7),
(779, 'Regal', 'Consumer Non-Durables', 32.86),
(780, 'Econoline E350', 'n/a', 738.43),
(781, 'RS 4', 'Finance', 820.84),
(782, 'S-Series', 'Public Utilities', 820.93),
(783, 'Astro', 'Basic Industries', 484.73),
(784, 'Eclipse', 'Finance', 271.74),
(785, 'Tiburon', 'Miscellaneous', 535.68),
(786, 'GTO', 'Technology', 243.2),
(787, 'Continental GT', 'n/a', 830.77),
(788, '240SX', 'Technology', 558.12),
(789, 'TL', 'Capital Goods', 347.94),
(790, 'Cherokee', 'Technology', 191.14),
(791, 'Escort', 'Finance', 335.16),
(792, 'Versa', 'Consumer Services', 792.14),
(793, 'C-MAX Hybrid', 'Energy', 707.52),
(794, 'V40', 'Finance', 245.26),
(795, 'Ram Wagon B350', 'Capital Goods', 383.55),
(796, 'Yukon XL 1500', 'Finance', 243.03),
(797, 'V40', 'Health Care', 885.8),
(798, 'Suburban 1500', 'Energy', 435.85),
(799, '300ZX', 'Health Care', 900.44),
(800, 'TSX', 'Finance', 61.85),
(801, 'D250', 'n/a', 518.24),
(802, 'Firebird', 'Finance', 363.32),
(803, 'Safari', 'Public Utilities', 293.6),
(804, 'B-Series', 'Finance', 779.23),
(805, 'Santa Fe', 'Finance', 201.51),
(806, 'S10', 'Health Care', 586.44),
(807, 'Malibu', 'Energy', 191.41),
(808, 'G-Series 1500', 'Finance', 30.79),
(809, 'V40', 'Consumer Services', 11.12),
(810, 'Express 1500', 'Consumer Services', 103.05),
(811, 'MR2', 'Health Care', 10.96),
(812, '300ZX', 'Technology', 197.1),
(813, 'IS-F', 'Finance', 152.56),
(814, '911', 'Consumer Non-Durables', 489.52),
(815, 'V70', 'Finance', 258.6),
(816, 'Silverado 2500', 'Transportation', 738.31),
(817, 'Mazda3', 'Finance', 339.81),
(818, 'R8', 'Consumer Services', 689.71),
(819, 'Yukon XL 1500', 'Technology', 111.25),
(820, 'Scirocco', 'Health Care', 485.86),
(821, 'VUE', 'Consumer Services', 350.26),
(822, 'Suburban 1500', 'Finance', 290.14),
(823, 'Cougar', 'Health Care', 431.27),
(824, 'Cirrus', 'Health Care', 504.92),
(825, 'Grand Prix', 'Finance', 895.59),
(826, '940', 'n/a', 568.61),
(827, 'Park Avenue', 'Finance', 377.39),
(828, 'Tracer', 'Consumer Services', 536.38),
(829, 'Sedona', 'n/a', 793.32),
(830, 'Continental', 'Finance', 946.35),
(831, 'RAV4', 'Health Care', 733.67),
(832, 'Ram 3500 Club', 'Finance', 306.14),
(833, 'G37', 'n/a', 463.52),
(834, 'Liberty', 'n/a', 994.93),
(835, 'H1', 'Finance', 862.75),
(836, 'Metro', 'n/a', 847.43),
(837, 'Expedition', 'Technology', 373.56),
(838, 'Miata MX-5', 'Transportation', 666.5),
(839, 'Diablo', 'Finance', 171.55),
(840, 'Econoline E250', 'Finance', 387.99),
(841, 'Terraza', 'Technology', 759.88),
(842, 'C70', 'Finance', 673.55),
(843, 'Metro', 'Consumer Services', 39.69),
(844, 'Elantra', 'Capital Goods', 868.08),
(845, 'Club Wagon', 'Finance', 782.85),
(846, 'Highlander', 'Finance', 685.58),
(847, 'Skyhawk', 'Public Utilities', 622.61),
(848, 'Type 2', 'Consumer Non-Durables', 167.34),
(849, '3 Series', 'Consumer Services', 52.63),
(850, '929', 'Consumer Durables', 453.06),
(851, 'V8 Vantage', 'n/a', 476.81),
(852, 'Protege', 'Health Care', 648.1),
(853, 'S-Class', 'n/a', 831.31),
(854, 'CL', 'Health Care', 349.27),
(855, 'Forester', 'Health Care', 391.7),
(856, 'B-Series', 'n/a', 140.43),
(857, 'Express 1500', 'Finance', 876.34),
(858, 'Veracruz', 'Health Care', 776.6),
(859, 'Trooper', 'Public Utilities', 343.09),
(860, 'Colorado', 'Transportation', 129.67),
(861, 'Neon', 'Consumer Services', 816.36),
(862, 'M5', 'Consumer Durables', 61.04),
(863, 'Aztek', 'n/a', 748.25),
(864, '88', 'n/a', 506.7),
(865, 'Summit', 'Finance', 496.8),
(866, 'Tredia', 'Technology', 170.68),
(867, 'Canyon', 'Finance', 519.49),
(868, 'LS', 'n/a', 208.57),
(869, 'Intrepid', 'Health Care', 311.05),
(870, 'Passat', 'Energy', 47.21),
(871, '944', 'Health Care', 647.48),
(872, 'Cordia', 'Basic Industries', 465.82),
(873, 'Phantom', 'Miscellaneous', 733.16),
(874, 'XK Series', 'Consumer Services', 662.76),
(875, 'i-370', 'Health Care', 727.53),
(876, 'Suburban 1500', 'Health Care', 72.58),
(877, 'Escalade ESV', 'Finance', 231.22),
(878, 'Kizashi', 'Finance', 977.89),
(879, 'Yukon XL 1500', 'Technology', 783.07),
(880, 'Tundra', 'Consumer Services', 731.38),
(881, '300TE', 'Health Care', 384.14),
(882, 'B9 Tribeca', 'Finance', 247.33),
(883, 'LeBaron', 'Capital Goods', 751.37),
(884, 'Ion', 'Consumer Non-Durables', 387.11),
(885, 'Tacoma Xtra', 'Miscellaneous', 208.21),
(886, 'Probe', 'n/a', 147.83),
(887, 'New Beetle', 'n/a', 2.67),
(888, 'Cayenne', 'Finance', 236.94),
(889, 'TL', 'Health Care', 353.93),
(890, '9-4X', 'n/a', 453.1),
(891, 'QX', 'Basic Industries', 422.26),
(892, 'EX', 'Consumer Non-Durables', 370.31),
(893, 'Bel Air', 'Energy', 275.66),
(894, 'Bronco', 'Finance', 502.6),
(895, 'Ram Van B150', 'n/a', 72.95),
(896, 'Dakota Club', 'Energy', 293.53),
(897, 'Q', 'Consumer Services', 831.34),
(898, 'X6 M', 'Consumer Services', 452.62),
(899, 'L-Series', 'Health Care', 809.81),
(900, 'Ram', 'n/a', 680.66),
(901, 'M', 'n/a', 952.63),
(902, 'Vigor', 'Consumer Services', 223.76),
(903, '6 Series', 'Miscellaneous', 914.73),
(904, 'Suburban 1500', 'n/a', 111.35),
(905, 'Econoline E150', 'Public Utilities', 49.16),
(906, 'Firefly', 'Technology', 611.84),
(907, 'Range Rover', 'n/a', 546.35),
(908, 'Familia', 'Health Care', 60.35),
(909, 'LFA', 'n/a', 797.36),
(910, 'Escape', 'Basic Industries', 718.74),
(911, 'Cooper', 'Consumer Services', 223.79),
(912, 'Ranger', 'Public Utilities', 82.03),
(913, 'EX', 'Finance', 938.22),
(914, 'F150', 'n/a', 301.81),
(915, 'Aura', 'Finance', 286.83),
(916, 'B-Series Plus', 'n/a', 694.79),
(917, 'Sequoia', 'Consumer Services', 842.2),
(918, 'Gran Sport', 'Finance', 910.93),
(919, 'Express', 'Technology', 733.07),
(920, 'Continental', 'Finance', 145.58),
(921, 'Lanos', 'n/a', 771.28),
(922, 'PT Cruiser', 'Health Care', 285.52),
(923, 'SRX', 'Consumer Services', 778.59),
(924, 'I', 'Public Utilities', 253.1),
(925, 'Blazer', 'n/a', 941.43),
(926, 'G-Class', 'Health Care', 79.08),
(927, 'XJ', 'Basic Industries', 759.15),
(928, 'Mustang', 'Finance', 47.89),
(929, 'Sedona', 'Consumer Services', 572.74),
(930, 'Dakota', 'Capital Goods', 422.29),
(931, 'Wrangler', 'Public Utilities', 778.32),
(932, 'Esprit', 'Consumer Services', 327.76),
(933, 'Rockette', 'Energy', 243.64),
(934, 'LeSabre', 'Public Utilities', 497.14),
(935, 'Datsun/Nissan Z-car', 'Consumer Non-Durables', 890.99),
(936, 'Taurus', 'Health Care', 918.06),
(937, 'Mirage', 'Finance', 475.34),
(938, 'Cavalier', 'n/a', 181.23),
(939, 'Eldorado', 'n/a', 660.18),
(940, 'Oasis', 'Finance', 2.06),
(941, 'Fleetwood', 'n/a', 338.39),
(942, 'Sportage', 'Finance', 834.38),
(943, 'TSX', 'Consumer Services', 765.98),
(944, 'Spyder', 'Consumer Durables', 947.49),
(945, 'XK Series', 'Consumer Services', 222.71),
(946, 'Sportvan G30', 'Health Care', 624.64),
(947, 'A6', 'n/a', 929.26),
(948, 'Tracer', 'n/a', 556.75),
(949, 'Grand Cherokee', 'n/a', 583.39),
(950, 'Yaris', 'Energy', 182.28),
(951, 'Golf', 'Consumer Services', 381.8),
(952, 'Vibe', 'Public Utilities', 207.93),
(953, 'Land Cruiser', 'n/a', 791.5),
(954, 'Diamante', 'Energy', 779.03),
(955, 'Nitro', 'Public Utilities', 58.99),
(956, 'Supra', 'Technology', 864.55),
(957, 'MPV', 'n/a', 682.49),
(958, 'Sunbird', 'Public Utilities', 930.54),
(959, '928', 'Consumer Non-Durables', 147.42),
(960, 'Jetta III', 'n/a', 841.79),
(961, 'New Beetle', 'Consumer Non-Durables', 100.86),
(962, 'Chariot', 'Capital Goods', 781.32),
(963, 'Torino', 'Technology', 960.29),
(964, 'VUE', 'Finance', 657.17),
(965, 'Swift', 'n/a', 432.35),
(966, 'S4', 'Finance', 866.12),
(967, 'Caravan', 'Technology', 841.03),
(968, 'Suburban 1500', 'Public Utilities', 667.46),
(969, '3500', 'Finance', 168.15),
(970, 'Spectra', 'n/a', 964.52),
(971, 'Highlander', 'Finance', 248.12),
(972, 'Corrado', 'Consumer Services', 965.79),
(973, 'Allroad', 'Health Care', 348.59),
(974, 'Ram 3500', 'Consumer Non-Durables', 386.04),
(975, 'Mystique', 'n/a', 299.5),
(976, 'Spyder', 'n/a', 252.34),
(977, 'Jetta', 'Technology', 405.24),
(978, 'IS', 'Technology', 554.87),
(979, 'Frontier', 'Health Care', 418.48),
(980, 'HHR', 'Technology', 55.74),
(981, '600', 'Consumer Services', 537.78),
(982, 'Range Rover', 'Consumer Durables', 690.78),
(983, 'Z4', 'Consumer Services', 934.92),
(984, 'Avalanche 2500', 'Consumer Services', 869.64),
(985, 'ZDX', 'Consumer Non-Durables', 854.04),
(986, 'Q7', 'n/a', 600.4),
(987, 'Jetta', 'Finance', 484.97),
(988, 'ES', 'Health Care', 340.96),
(989, 'SL-Class', 'Health Care', 85.98),
(990, 'Town Car', 'Technology', 291.58),
(991, 'Escort', 'n/a', 487.22),
(992, 'Optima', 'Energy', 963.84),
(993, 'Edge', 'Consumer Services', 654.8),
(994, 'Sigma', 'Capital Goods', 432.37),
(995, 'Express 3500', 'Consumer Services', 182.21),
(996, 'Dakota', 'n/a', 188.79),
(997, 'G', 'Consumer Non-Durables', 18.25),
(998, 'Tundra', 'Public Utilities', 957.03),
(999, 'Ranger', 'Finance', 632.1),
(1000, 'Expo LRV', 'Public Utilities', 560.84);

--
-- Índices para tablas volcadas
--

--
-- Indices de la tabla `billing`
--
ALTER TABLE `billing`
  ADD PRIMARY KEY (`id`),
  ADD KEY `client_id` (`client_id`);

--
-- Indices de la tabla `billing_products`
--
ALTER TABLE `billing_products`
  ADD KEY `billing_id` (`billing_id`,`product_id`),
  ADD KEY `product_id` (`product_id`);

--
-- Indices de la tabla `clients`
--
ALTER TABLE `clients`
  ADD PRIMARY KEY (`id`);

--
-- Indices de la tabla `inventory`
--
ALTER TABLE `inventory`
  ADD PRIMARY KEY (`id`),
  ADD KEY `product_id` (`product_id`);

--
-- Indices de la tabla `products`
--
ALTER TABLE `products`
  ADD PRIMARY KEY (`id`);

--
-- AUTO_INCREMENT de las tablas volcadas
--

--
-- AUTO_INCREMENT de la tabla `billing`
--
ALTER TABLE `billing`
  MODIFY `id` bigint(20) NOT NULL AUTO_INCREMENT, AUTO_INCREMENT=101;

--
-- AUTO_INCREMENT de la tabla `clients`
--
ALTER TABLE `clients`
  MODIFY `id` bigint(11) NOT NULL AUTO_INCREMENT, AUTO_INCREMENT=1001;

--
-- AUTO_INCREMENT de la tabla `inventory`
--
ALTER TABLE `inventory`
  MODIFY `id` bigint(20) NOT NULL AUTO_INCREMENT, AUTO_INCREMENT=1001;

--
-- AUTO_INCREMENT de la tabla `products`
--
ALTER TABLE `products`
  MODIFY `id` bigint(11) NOT NULL AUTO_INCREMENT, AUTO_INCREMENT=1001;

--
-- Restricciones para tablas volcadas
--

--
-- Filtros para la tabla `billing`
--
ALTER TABLE `billing`
  ADD CONSTRAINT `billing_ibfk_1` FOREIGN KEY (`client_id`) REFERENCES `clients` (`id`) ON UPDATE CASCADE;

--
-- Filtros para la tabla `billing_products`
--
ALTER TABLE `billing_products`
  ADD CONSTRAINT `billing_products_ibfk_1` FOREIGN KEY (`billing_id`) REFERENCES `billing` (`id`) ON UPDATE CASCADE,
  ADD CONSTRAINT `billing_products_ibfk_2` FOREIGN KEY (`product_id`) REFERENCES `products` (`id`) ON UPDATE CASCADE;

--
-- Filtros para la tabla `inventory`
--
ALTER TABLE `inventory`
  ADD CONSTRAINT `inventory_ibfk_1` FOREIGN KEY (`product_id`) REFERENCES `products` (`id`) ON UPDATE CASCADE;
COMMIT;

/*!40101 SET CHARACTER_SET_CLIENT=@OLD_CHARACTER_SET_CLIENT */;
/*!40101 SET CHARACTER_SET_RESULTS=@OLD_CHARACTER_SET_RESULTS */;
/*!40101 SET COLLATION_CONNECTION=@OLD_COLLATION_CONNECTION */;
